action_id,transaction_id,risk_type,decision,priority,action_taken,action_status,agent_name,timestamp
ACT-86b47680,TXN-1001,Normal,No Action,Low,No action,Skipped,PaymentAutomationAgent,2026-04-25T14:01:51.166091
ACT-277afe7b,TXN-1002,Normal,No Action,Low,No action,Skipped,PaymentAutomationAgent,2026-04-25T14:01:51.166319
ACT-5f8a7257,TXN-1003,Normal,No Action,Low,No action,Skipped,PaymentAutomationAgent,2026-04-25T14:01:51.166476
ACT-74bab99f,TXN-1004,High-Value Transaction,Require Manager Approval,High,No action,Skipped,PaymentAutomationAgent,2026-04-25T14:01:51.166570
ACT-2925a682,TXN-1005,High-Value Transaction,Require Manager Approval,High,No action,Skipped,PaymentAutomationAgent,2026-04-25T14:01:51.166661
ACT-b19fc56f,TXN-1006,Failed Payment,Retry Payment,Medium,Trigger payment retry workflow,Completed,PaymentAutomationAgent,2026-04-25T14:01:51.166753
ACT-eeb63000,TXN-1007,High-Value Transaction,Require Manager Approval,High,No action,Skipped,PaymentAutomationAgent,2026-04-25T14:01:51.166860
ACT-85f90d7c,TXN-1008,Normal,No Action,Low,No action,Skipped,PaymentAutomationAgent,2026-04-25T14:01:51.167054
ACT-9d82b3dc,TXN-1009,Failed Payment,Retry Payment,Medium,Trigger payment retry workflow,Completed,PaymentAutomationAgent,2026-04-25T14:01:51.167158
ACT-84d8e327,TXN-1010,High-Value Transaction,Require Manager Approval,High,No action,Skipped,PaymentAutomationAgent,2026-04-25T14:01:51.167249
ACT-5b55d8c0,TXN-1011,High-Value Transaction,Require Manager Approval,High,No action,Skipped,PaymentAutomationAgent,2026-04-25T14:01:51.167338
ACT-28e01be7,TXN-1012,Normal,No Action,Low,No action,Skipped,PaymentAutomationAgent,2026-04-25T14:01:51.167434
ACT-c6f6ec71,TXN-1013,Normal,No Action,Low,No action,Skipped,PaymentAutomationAgent,2026-04-25T14:01:51.167531
ACT-d365247a,TXN-1014,High-Value Transaction,Require Manager Approval,High,No action,Skipped,PaymentAutomationAgent,2026-04-25T14:01:51.167620
ACT-398b5471,TXN-1015,Normal,No Action,Low,No action,Skipped,PaymentAutomationAgent,2026-04-25T14:01:51.167713
ACT-d9dd5671,TXN-1016,High-Value Transaction,Require Manager Approval,High,No action,Skipped,PaymentAutomationAgent,2026-04-25T14:01:51.167800
ACT-01f7a344,TXN-1017,High-Value Transaction,Require Manager Approval,High,No action,Skipped,PaymentAutomationAgent,2026-04-25T14:01:51.167902
ACT-aab4af41,TXN-1018,Normal,No Action,Low,No action,Skipped,PaymentAutomationAgent,2026-04-25T14:01:51.168002
ACT-34bf62d1,TXN-1019,Normal,No Action,Low,No action,Skipped,PaymentAutomationAgent,2026-04-25T14:01:51.168090
ACT-ec23a09d,TXN-1020,Failed Payment,Retry Payment,Medium,Trigger payment retry workflow,Completed,PaymentAutomationAgent,2026-04-25T14:01:51.168184
ACT-cf388a8b,TXN-1021,Normal,No Action,Low,No action,Skipped,PaymentAutomationAgent,2026-04-25T14:01:51.168271
ACT-bbb2cbd2,TXN-1022,Normal,No Action,Low,No action,Skipped,PaymentAutomationAgent,2026-04-25T14:01:51.168361
ACT-621cb25d,TXN-1023,Normal,No Action,Low,No action,Skipped,PaymentAutomationAgent,2026-04-25T14:01:51.168455
ACT-c2252840,TXN-1024,High-Value Transaction,Require Manager Approval,High,No action,Skipped,PaymentAutomationAgent,2026-04-25T14:01:51.168546
ACT-107d42a5,TXN-1025,High-Value Transaction,Require Manager Approval,High,No action,Skipped,PaymentAutomationAgent,2026-04-25T14:01:51.168642
ACT-1c598085,TXN-1026,Normal,No Action,Low,No action,Skipped,PaymentAutomationAgent,2026-04-25T14:01:51.168739
ACT-f3293926,TXN-1027,Normal,No Action,Low,No action,Skipped,PaymentAutomationAgent,2026-04-25T14:01:51.168825
ACT-3730f7bd,TXN-1028,Normal,No Action,Low,No action,Skipped,PaymentAutomationAgent,2026-04-25T14:01:51.168923
ACT-5c7afe3a,TXN-1029,Failed Payment,Retry Payment,Medium,Trigger payment retry workflow,Completed,PaymentAutomationAgent,2026-04-25T14:01:51.169009
ACT-2651d975,TXN-1030,Normal,No Action,Low,No action,Skipped,PaymentAutomationAgent,2026-04-25T14:01:51.169106
ACT-63693540,TXN-1031,Failed Payment,Retry Payment,Medium,Trigger payment retry workflow,Completed,PaymentAutomationAgent,2026-04-25T14:01:51.169192
ACT-97f9c946,TXN-1032,Normal,No Action,Low,No action,Skipped,PaymentAutomationAgent,2026-04-25T14:01:51.169287
ACT-04d1621e,TXN-1033,Normal,No Action,Low,No action,Skipped,PaymentAutomationAgent,2026-04-25T14:01:51.169383
ACT-b989cd18,TXN-1034,Normal,No Action,Low,No action,Skipped,PaymentAutomationAgent,2026-04-25T14:01:51.169480
ACT-639a041c,TXN-1035,Failed Payment,Retry Payment,Medium,Trigger payment retry workflow,Completed,PaymentAutomationAgent,2026-04-25T14:01:51.169566
ACT-5ffe8f0a,TXN-1036,Normal,No Action,Low,No action,Skipped,PaymentAutomationAgent,2026-04-25T14:01:51.169656
ACT-1a47ccad,TXN-1037,Normal,No Action,Low,No action,Skipped,PaymentAutomationAgent,2026-04-25T14:01:51.169743
ACT-9ee3a40b,TXN-1038,Normal,No Action,Low,No action,Skipped,PaymentAutomationAgent,2026-04-25T14:01:51.169828
ACT-ec36f206,TXN-1039,Normal,No Action,Low,No action,Skipped,PaymentAutomationAgent,2026-04-25T14:01:51.169914
ACT-ba101e91,TXN-1040,Normal,No Action,Low,No action,Skipped,PaymentAutomationAgent,2026-04-25T14:01:51.169999
ACT-8076047f,TXN-1041,Normal,No Action,Low,No action,Skipped,PaymentAutomationAgent,2026-04-25T14:01:51.170085
ACT-a963ec16,TXN-1042,High-Value Transaction,Require Manager Approval,High,No action,Skipped,PaymentAutomationAgent,2026-04-25T14:01:51.170171
ACT-36fc6463,TXN-1043,Normal,No Action,Low,No action,Skipped,PaymentAutomationAgent,2026-04-25T14:01:51.170261
ACT-df5b97b8,TXN-1044,Normal,No Action,Low,No action,Skipped,PaymentAutomationAgent,2026-04-25T14:01:51.170349
ACT-911aa17e,TXN-1045,Normal,No Action,Low,No action,Skipped,PaymentAutomationAgent,2026-04-25T14:01:51.170438
ACT-93fc73f5,TXN-1046,Normal,No Action,Low,No action,Skipped,PaymentAutomationAgent,2026-04-25T14:01:51.170528
ACT-90e32a97,TXN-1047,Normal,No Action,Low,No action,Skipped,PaymentAutomationAgent,2026-04-25T14:01:51.170614
ACT-22138039,TXN-1048,High-Value Transaction,Require Manager Approval,High,No action,Skipped,PaymentAutomationAgent,2026-04-25T14:01:51.170699
ACT-37afee1d,TXN-1049,Normal,No Action,Low,No action,Skipped,PaymentAutomationAgent,2026-04-25T14:01:51.170787
ACT-d52a0066,TXN-1050,Normal,No Action,Low,No action,Skipped,PaymentAutomationAgent,2026-04-25T14:01:51.170900
ACT-6b255a63,TXN-1051,Failed Payment,Retry Payment,Medium,Trigger payment retry workflow,Completed,PaymentAutomationAgent,2026-04-25T14:01:51.170989
ACT-8e611397,TXN-1052,Normal,No Action,Low,No action,Skipped,PaymentAutomationAgent,2026-04-25T14:01:51.171082
ACT-1d59b7bb,TXN-1053,Normal,No Action,Low,No action,Skipped,PaymentAutomationAgent,2026-04-25T14:01:51.171170
ACT-cfc30e60,TXN-1054,Normal,No Action,Low,No action,Skipped,PaymentAutomationAgent,2026-04-25T14:01:51.171256
ACT-456d7b41,TXN-1055,High-Value Transaction,Require Manager Approval,High,No action,Skipped,PaymentAutomationAgent,2026-04-25T14:01:51.171343
ACT-a747ed50,TXN-1056,High-Value Transaction,Require Manager Approval,High,No action,Skipped,PaymentAutomationAgent,2026-04-25T14:01:51.171434
ACT-b4087bd5,TXN-1057,Normal,No Action,Low,No action,Skipped,PaymentAutomationAgent,2026-04-25T14:01:51.171520
ACT-e615ba9b,TXN-1058,Normal,No Action,Low,No action,Skipped,PaymentAutomationAgent,2026-04-25T14:01:51.171607
ACT-eb4b835e,TXN-1059,Normal,No Action,Low,No action,Skipped,PaymentAutomationAgent,2026-04-25T14:01:51.171692
ACT-cac2d532,TXN-1060,Duplicate Transaction,Flag for Investigation,High,No action,Skipped,PaymentAutomationAgent,2026-04-25T14:01:51.171776
ACT-13bc9e67,TXN-1061,Normal,No Action,Low,No action,Skipped,PaymentAutomationAgent,2026-04-25T14:01:51.171862
ACT-d90e9206,TXN-1062,High-Value Transaction,Require Manager Approval,High,No action,Skipped,PaymentAutomationAgent,2026-04-25T14:01:51.171947
ACT-9052f4c4,TXN-1063,Failed Payment,Retry Payment,Medium,Trigger payment retry workflow,Completed,PaymentAutomationAgent,2026-04-25T14:01:51.172031
ACT-62fcb39e,TXN-1064,Normal,No Action,Low,No action,Skipped,PaymentAutomationAgent,2026-04-25T14:01:51.172117
ACT-80c81676,TXN-1065,Normal,No Action,Low,No action,Skipped,PaymentAutomationAgent,2026-04-25T14:01:51.172211
ACT-b91b012b,TXN-1066,High-Value Transaction,Require Manager Approval,High,No action,Skipped,PaymentAutomationAgent,2026-04-25T14:01:51.172299
ACT-0e48ab54,TXN-1067,Normal,No Action,Low,No action,Skipped,PaymentAutomationAgent,2026-04-25T14:01:51.172383
ACT-491e71bd,TXN-1068,Normal,No Action,Low,No action,Skipped,PaymentAutomationAgent,2026-04-25T14:01:51.172467
ACT-03bca13d,TXN-1069,Normal,No Action,Low,No action,Skipped,PaymentAutomationAgent,2026-04-25T14:01:51.172552
ACT-70218af2,TXN-1070,Normal,No Action,Low,No action,Skipped,PaymentAutomationAgent,2026-04-25T14:01:51.172637
ACT-e0a94413,TXN-1071,High-Value Transaction,Require Manager Approval,High,No action,Skipped,PaymentAutomationAgent,2026-04-25T14:01:51.172721
ACT-52ca09b2,TXN-1072,Normal,No Action,Low,No action,Skipped,PaymentAutomationAgent,2026-04-25T14:01:51.172804
ACT-938660a3,TXN-1073,Normal,No Action,Low,No action,Skipped,PaymentAutomationAgent,2026-04-25T14:01:51.172897
ACT-b8243077,TXN-1074,Normal,No Action,Low,No action,Skipped,PaymentAutomationAgent,2026-04-25T14:01:51.172984
ACT-491e9534,TXN-1075,Normal,No Action,Low,No action,Skipped,PaymentAutomationAgent,2026-04-25T14:01:51.173074
ACT-1b7f319e,TXN-1076,High-Value Transaction,Require Manager Approval,High,No action,Skipped,PaymentAutomationAgent,2026-04-25T14:01:51.173159
ACT-28ed26be,TXN-1077,Normal,No Action,Low,No action,Skipped,PaymentAutomationAgent,2026-04-25T14:01:51.173245
ACT-4397868b,TXN-1078,Normal,No Action,Low,No action,Skipped,PaymentAutomationAgent,2026-04-25T14:01:51.173333
ACT-d4b57610,TXN-1079,Normal,No Action,Low,No action,Skipped,PaymentAutomationAgent,2026-04-25T14:01:51.173418
ACT-d327863b,TXN-1080,Normal,No Action,Low,No action,Skipped,PaymentAutomationAgent,2026-04-25T14:01:51.173502
ACT-e2e78cee,TXN-1081,Normal,No Action,Low,No action,Skipped,PaymentAutomationAgent,2026-04-25T14:01:51.173592
ACT-b6dd7196,TXN-1082,High-Value Transaction,Require Manager Approval,High,No action,Skipped,PaymentAutomationAgent,2026-04-25T14:01:51.173678
ACT-d0386a0a,TXN-1083,High-Value Transaction,Require Manager Approval,High,No action,Skipped,PaymentAutomationAgent,2026-04-25T14:01:51.173762
ACT-7067a534,TXN-1084,Duplicate Transaction,Flag for Investigation,High,No action,Skipped,PaymentAutomationAgent,2026-04-25T14:01:51.173846
ACT-582c23eb,TXN-1085,High-Value Transaction,Require Manager Approval,High,No action,Skipped,PaymentAutomationAgent,2026-04-25T14:01:51.173937
ACT-9abde8a9,TXN-1086,Normal,No Action,Low,No action,Skipped,PaymentAutomationAgent,2026-04-25T14:01:51.174099
ACT-12341bc8,TXN-1087,Normal,No Action,Low,No action,Skipped,PaymentAutomationAgent,2026-04-25T14:01:51.174234
ACT-115e7614,TXN-1088,High-Value Transaction,Require Manager Approval,High,No action,Skipped,PaymentAutomationAgent,2026-04-25T14:01:51.174320
ACT-8da0e158,TXN-1089,Failed Payment,Retry Payment,Medium,Trigger payment retry workflow,Completed,PaymentAutomationAgent,2026-04-25T14:01:51.174405
ACT-e92fb0d8,TXN-1090,High-Value Transaction,Require Manager Approval,High,No action,Skipped,PaymentAutomationAgent,2026-04-25T14:01:51.174490
ACT-fdeb4962,TXN-1091,High-Value Transaction,Require Manager Approval,High,No action,Skipped,PaymentAutomationAgent,2026-04-25T14:01:51.174574
ACT-7f643ab3,TXN-1092,Normal,No Action,Low,No action,Skipped,PaymentAutomationAgent,2026-04-25T14:01:51.174763
ACT-539cd8b0,TXN-1093,Normal,No Action,Low,No action,Skipped,PaymentAutomationAgent,2026-04-25T14:01:51.174880
ACT-5e1a00e3,TXN-1094,High-Value Transaction,Require Manager Approval,High,No action,Skipped,PaymentAutomationAgent,2026-04-25T14:01:51.174977
ACT-22ed55a8,TXN-1095,High-Value Transaction,Require Manager Approval,High,No action,Skipped,PaymentAutomationAgent,2026-04-25T14:01:51.175070
ACT-cc24068c,TXN-1096,High-Value Transaction,Require Manager Approval,High,No action,Skipped,PaymentAutomationAgent,2026-04-25T14:01:51.175154
ACT-4e87cfab,TXN-1097,Refund Event,Compliance Review,Medium,No action,Skipped,PaymentAutomationAgent,2026-04-25T14:01:51.175244
ACT-0f90f0e1,TXN-1098,High-Value Transaction,Require Manager Approval,High,No action,Skipped,PaymentAutomationAgent,2026-04-25T14:01:51.175330
ACT-bbe9b096,TXN-1099,High-Value Transaction,Require Manager Approval,High,No action,Skipped,PaymentAutomationAgent,2026-04-25T14:01:51.175434
ACT-af6aa739,TXN-1100,High-Value Transaction,Require Manager Approval,High,No action,Skipped,PaymentAutomationAgent,2026-04-25T14:01:51.175519
ACT-408af8c2,TXN-1101,Normal,No Action,Low,No action,Skipped,PaymentAutomationAgent,2026-04-25T14:01:51.175615
ACT-4b129ed5,TXN-1102,High-Value Transaction,Require Manager Approval,High,No action,Skipped,PaymentAutomationAgent,2026-04-25T14:01:51.175700
ACT-a2ea4440,TXN-1103,High-Value Transaction,Require Manager Approval,High,No action,Skipped,PaymentAutomationAgent,2026-04-25T14:01:51.175785
ACT-89a0f491,TXN-1104,High-Value Transaction,Require Manager Approval,High,No action,Skipped,PaymentAutomationAgent,2026-04-25T14:01:51.175918
ACT-0cbd6b8b,TXN-1105,Normal,No Action,Low,No action,Skipped,PaymentAutomationAgent,2026-04-25T14:01:51.176020
ACT-e722c307,TXN-1106,High-Value Transaction,Require Manager Approval,High,No action,Skipped,PaymentAutomationAgent,2026-04-25T14:01:51.176112
ACT-526038c9,TXN-1107,High-Value Transaction,Require Manager Approval,High,No action,Skipped,PaymentAutomationAgent,2026-04-25T14:01:51.176198
ACT-a914a4ae,TXN-1108,Normal,No Action,Low,No action,Skipped,PaymentAutomationAgent,2026-04-25T14:01:51.176290
ACT-9c32aa41,TXN-1109,Normal,No Action,Low,No action,Skipped,PaymentAutomationAgent,2026-04-25T14:01:51.176394
ACT-6e477b5d,TXN-1110,Duplicate Transaction,Flag for Investigation,High,No action,Skipped,PaymentAutomationAgent,2026-04-25T14:01:51.176488
ACT-9d43c0a0,TXN-1111,Normal,No Action,Low,No action,Skipped,PaymentAutomationAgent,2026-04-25T14:01:51.176581
ACT-9afa0c55,TXN-1112,Normal,No Action,Low,No action,Skipped,PaymentAutomationAgent,2026-04-25T14:01:51.176672
ACT-ad3001bf,TXN-1113,Refund Event,Compliance Review,Medium,No action,Skipped,PaymentAutomationAgent,2026-04-25T14:01:51.176767
ACT-4b339ea4,TXN-1114,Normal,No Action,Low,No action,Skipped,PaymentAutomationAgent,2026-04-25T14:01:51.176873
ACT-81d2c7b5,TXN-1115,High-Value Transaction,Require Manager Approval,High,No action,Skipped,PaymentAutomationAgent,2026-04-25T14:01:51.176961
ACT-bf9745d3,TXN-1116,Normal,No Action,Low,No action,Skipped,PaymentAutomationAgent,2026-04-25T14:01:51.177047
ACT-aa6de059,TXN-1117,Normal,No Action,Low,No action,Skipped,PaymentAutomationAgent,2026-04-25T14:01:51.177832
ACT-52a5c290,TXN-1118,Normal,No Action,Low,No action,Skipped,PaymentAutomationAgent,2026-04-25T14:01:51.177943
ACT-57ce6da2,TXN-1119,Normal,No Action,Low,No action,Skipped,PaymentAutomationAgent,2026-04-25T14:01:51.178032
ACT-ad9f6d00,TXN-1120,High-Value Transaction,Require Manager Approval,High,No action,Skipped,PaymentAutomationAgent,2026-04-25T14:01:51.178117
ACT-0be9f45d,TXN-1121,High-Value Transaction,Require Manager Approval,High,No action,Skipped,PaymentAutomationAgent,2026-04-25T14:01:51.178207
ACT-5951e467,TXN-1122,Normal,No Action,Low,No action,Skipped,PaymentAutomationAgent,2026-04-25T14:01:51.178294
ACT-09126d98,TXN-1123,Normal,No Action,Low,No action,Skipped,PaymentAutomationAgent,2026-04-25T14:01:51.178379
ACT-09a07572,TXN-1124,Normal,No Action,Low,No action,Skipped,PaymentAutomationAgent,2026-04-25T14:01:51.178481
ACT-f86dbbb3,TXN-1125,High-Value Transaction,Require Manager Approval,High,No action,Skipped,PaymentAutomationAgent,2026-04-25T14:01:51.178567
ACT-3497d839,TXN-1126,Normal,No Action,Low,No action,Skipped,PaymentAutomationAgent,2026-04-25T14:01:51.178651
ACT-30dd5b60,TXN-1127,Normal,No Action,Low,No action,Skipped,PaymentAutomationAgent,2026-04-25T14:01:51.178736
ACT-6518e7bc,TXN-1128,High-Value Transaction,Require Manager Approval,High,No action,Skipped,PaymentAutomationAgent,2026-04-25T14:01:51.178821
ACT-693eaebd,TXN-1129,Refund Event,Compliance Review,Medium,No action,Skipped,PaymentAutomationAgent,2026-04-25T14:01:51.179005
ACT-1a83ff2a,TXN-1130,Normal,No Action,Low,No action,Skipped,PaymentAutomationAgent,2026-04-25T14:01:51.179137
ACT-81c17dd6,TXN-1131,Normal,No Action,Low,No action,Skipped,PaymentAutomationAgent,2026-04-25T14:01:51.179226
ACT-89f83cf2,TXN-1132,High-Value Transaction,Require Manager Approval,High,No action,Skipped,PaymentAutomationAgent,2026-04-25T14:01:51.179311
ACT-b1c05dea,TXN-1133,Normal,No Action,Low,No action,Skipped,PaymentAutomationAgent,2026-04-25T14:01:51.179411
ACT-bae6be63,TXN-1134,Normal,No Action,Low,No action,Skipped,PaymentAutomationAgent,2026-04-25T14:01:51.179507
ACT-420d7a60,TXN-1135,High-Value Transaction,Require Manager Approval,High,No action,Skipped,PaymentAutomationAgent,2026-04-25T14:01:51.179782
ACT-fb16ac3a,TXN-1136,High-Value Transaction,Require Manager Approval,High,No action,Skipped,PaymentAutomationAgent,2026-04-25T14:01:51.180111
ACT-fb122256,TXN-1137,High-Value Transaction,Require Manager Approval,High,No action,Skipped,PaymentAutomationAgent,2026-04-25T14:01:51.180492
ACT-6569f79f,TXN-1138,Normal,No Action,Low,No action,Skipped,PaymentAutomationAgent,2026-04-25T14:01:51.180666
ACT-c6be68c3,TXN-1139,Normal,No Action,Low,No action,Skipped,PaymentAutomationAgent,2026-04-25T14:01:51.180789
ACT-4dfc384b,TXN-1140,High-Value Transaction,Require Manager Approval,High,No action,Skipped,PaymentAutomationAgent,2026-04-25T14:01:51.180911
ACT-975d70b2,TXN-1141,High-Value Transaction,Require Manager Approval,High,No action,Skipped,PaymentAutomationAgent,2026-04-25T14:01:51.181036
ACT-3d518191,TXN-1142,High-Value Transaction,Require Manager Approval,High,No action,Skipped,PaymentAutomationAgent,2026-04-25T14:01:51.181162
ACT-775c6eb8,TXN-1143,High-Value Transaction,Require Manager Approval,High,No action,Skipped,PaymentAutomationAgent,2026-04-25T14:01:51.181309
ACT-e42c5fbd,TXN-1144,Normal,No Action,Low,No action,Skipped,PaymentAutomationAgent,2026-04-25T14:01:51.181443
ACT-466f3028,TXN-1145,High-Value Transaction,Require Manager Approval,High,No action,Skipped,PaymentAutomationAgent,2026-04-25T14:01:51.181606
ACT-7fd5701b,TXN-1146,Normal,No Action,Low,No action,Skipped,PaymentAutomationAgent,2026-04-25T14:01:51.181752
ACT-3a6517bc,TXN-1147,High-Value Transaction,Require Manager Approval,High,No action,Skipped,PaymentAutomationAgent,2026-04-25T14:01:51.181880
ACT-8fc9b9fd,TXN-1148,Normal,No Action,Low,No action,Skipped,PaymentAutomationAgent,2026-04-25T14:01:51.182022
ACT-d75d89dd,TXN-1149,Normal,No Action,Low,No action,Skipped,PaymentAutomationAgent,2026-04-25T14:01:51.182158
ACT-a9bab796,TXN-1150,Failed Payment,Retry Payment,Medium,Trigger payment retry workflow,Completed,PaymentAutomationAgent,2026-04-25T14:01:51.182296
ACT-b1d34649,TXN-1151,High-Value Transaction,Require Manager Approval,High,No action,Skipped,PaymentAutomationAgent,2026-04-25T14:01:51.182440
ACT-d0bd95a3,TXN-1152,Normal,No Action,Low,No action,Skipped,PaymentAutomationAgent,2026-04-25T14:01:51.182579
ACT-fdca6cd0,TXN-1153,Duplicate Transaction,Flag for Investigation,High,No action,Skipped,PaymentAutomationAgent,2026-04-25T14:01:51.182709
ACT-6df702e1,TXN-1154,Normal,No Action,Low,No action,Skipped,PaymentAutomationAgent,2026-04-25T14:01:51.182795
ACT-9e30e29d,TXN-1155,Normal,No Action,Low,No action,Skipped,PaymentAutomationAgent,2026-04-25T14:01:51.182882
ACT-e3ef7e3d,TXN-1156,Normal,No Action,Low,No action,Skipped,PaymentAutomationAgent,2026-04-25T14:01:51.182968
ACT-e645f2ce,TXN-1157,High-Value Transaction,Require Manager Approval,High,No action,Skipped,PaymentAutomationAgent,2026-04-25T14:01:51.183053
ACT-d5a0b558,TXN-1158,Normal,No Action,Low,No action,Skipped,PaymentAutomationAgent,2026-04-25T14:01:51.183140
ACT-d4ef1374,TXN-1159,High-Value Transaction,Require Manager Approval,High,No action,Skipped,PaymentAutomationAgent,2026-04-25T14:01:51.183225
ACT-0981102c,TXN-1160,Normal,No Action,Low,No action,Skipped,PaymentAutomationAgent,2026-04-25T14:01:51.183310
ACT-e392a4fe,TXN-1161,Normal,No Action,Low,No action,Skipped,PaymentAutomationAgent,2026-04-25T14:01:51.183401
ACT-f768656e,TXN-1162,High-Value Transaction,Require Manager Approval,High,No action,Skipped,PaymentAutomationAgent,2026-04-25T14:01:51.183489
ACT-8aac814c,TXN-1163,Normal,No Action,Low,No action,Skipped,PaymentAutomationAgent,2026-04-25T14:01:51.183585
ACT-9c89dda5,TXN-1164,Normal,No Action,Low,No action,Skipped,PaymentAutomationAgent,2026-04-25T14:01:51.183675
ACT-9b5aeee7,TXN-1165,High-Value Transaction,Require Manager Approval,High,No action,Skipped,PaymentAutomationAgent,2026-04-25T14:01:51.183760
ACT-80e50a0d,TXN-1166,Normal,No Action,Low,No action,Skipped,PaymentAutomationAgent,2026-04-25T14:01:51.183845
ACT-b42724e9,TXN-1167,Normal,No Action,Low,No action,Skipped,PaymentAutomationAgent,2026-04-25T14:01:51.183930
ACT-95b28a6c,TXN-1168,Normal,No Action,Low,No action,Skipped,PaymentAutomationAgent,2026-04-25T14:01:51.184015
ACT-d9bc330c,TXN-1169,Failed Payment,Retry Payment,Medium,Trigger payment retry workflow,Completed,PaymentAutomationAgent,2026-04-25T14:01:51.184100
ACT-7c450aa7,TXN-1170,Normal,No Action,Low,No action,Skipped,PaymentAutomationAgent,2026-04-25T14:01:51.184186
ACT-47d69de3,TXN-1171,High-Value Transaction,Require Manager Approval,High,No action,Skipped,PaymentAutomationAgent,2026-04-25T14:01:51.184271
ACT-4dcaa8fb,TXN-1172,High-Value Transaction,Require Manager Approval,High,No action,Skipped,PaymentAutomationAgent,2026-04-25T14:01:51.184364
ACT-8d8d4e6b,TXN-1173,Refund Event,Compliance Review,Medium,No action,Skipped,PaymentAutomationAgent,2026-04-25T14:01:51.184457
ACT-34e69c61,TXN-1174,High-Value Transaction,Require Manager Approval,High,No action,Skipped,PaymentAutomationAgent,2026-04-25T14:01:51.184549
ACT-931ae10b,TXN-1175,Failed Payment,Retry Payment,Medium,Trigger payment retry workflow,Completed,PaymentAutomationAgent,2026-04-25T14:01:51.184634
ACT-4341433a,TXN-1176,Normal,No Action,Low,No action,Skipped,PaymentAutomationAgent,2026-04-25T14:01:51.184719
ACT-97a268f7,TXN-1177,Normal,No Action,Low,No action,Skipped,PaymentAutomationAgent,2026-04-25T14:01:51.184809
ACT-68b82da7,TXN-1178,High-Value Transaction,Require Manager Approval,High,No action,Skipped,PaymentAutomationAgent,2026-04-25T14:01:51.184895
ACT-9fb32b9c,TXN-1179,Normal,No Action,Low,No action,Skipped,PaymentAutomationAgent,2026-04-25T14:01:51.184979
ACT-71de0a53,TXN-1180,High-Value Transaction,Require Manager Approval,High,No action,Skipped,PaymentAutomationAgent,2026-04-25T14:01:51.185064
ACT-38043943,TXN-1181,Normal,No Action,Low,No action,Skipped,PaymentAutomationAgent,2026-04-25T14:01:51.185150
ACT-83f2958d,TXN-1182,High-Value Transaction,Require Manager Approval,High,No action,Skipped,PaymentAutomationAgent,2026-04-25T14:01:51.185238
ACT-ae95d83a,TXN-1183,Normal,No Action,Low,No action,Skipped,PaymentAutomationAgent,2026-04-25T14:01:51.185322
ACT-a3144c71,TXN-1184,High-Value Transaction,Require Manager Approval,High,No action,Skipped,PaymentAutomationAgent,2026-04-25T14:01:51.185408
ACT-19441a41,TXN-1185,Failed Payment,Retry Payment,Medium,Trigger payment retry workflow,Completed,PaymentAutomationAgent,2026-04-25T14:01:51.185493
ACT-429581ea,TXN-1186,Normal,No Action,Low,No action,Skipped,PaymentAutomationAgent,2026-04-25T14:01:51.185577
ACT-64a70d1f,TXN-1187,Normal,No Action,Low,No action,Skipped,PaymentAutomationAgent,2026-04-25T14:01:51.185662
ACT-d1f94bf3,TXN-1188,Normal,No Action,Low,No action,Skipped,PaymentAutomationAgent,2026-04-25T14:01:51.185747
ACT-25980baf,TXN-1189,Normal,No Action,Low,No action,Skipped,PaymentAutomationAgent,2026-04-25T14:01:51.185831
ACT-85675865,TXN-1190,Normal,No Action,Low,No action,Skipped,PaymentAutomationAgent,2026-04-25T14:01:51.185915
ACT-4cf7aada,TXN-1191,Normal,No Action,Low,No action,Skipped,PaymentAutomationAgent,2026-04-25T14:01:51.186000
ACT-19a23e92,TXN-1192,High-Value Transaction,Require Manager Approval,High,No action,Skipped,PaymentAutomationAgent,2026-04-25T14:01:51.186091
ACT-20fca5ef,TXN-1193,Normal,No Action,Low,No action,Skipped,PaymentAutomationAgent,2026-04-25T14:01:51.186180
ACT-d78f6c22,TXN-1194,Normal,No Action,Low,No action,Skipped,PaymentAutomationAgent,2026-04-25T14:01:51.186265
ACT-eeaf8e47,TXN-1195,Normal,No Action,Low,No action,Skipped,PaymentAutomationAgent,2026-04-25T14:01:51.186354
ACT-b8da6e2c,TXN-1196,High-Value Transaction,Require Manager Approval,High,No action,Skipped,PaymentAutomationAgent,2026-04-25T14:01:51.186447
ACT-f7d7e93e,TXN-1197,Normal,No Action,Low,No action,Skipped,PaymentAutomationAgent,2026-04-25T14:01:51.186532
ACT-bfcd7d57,TXN-1198,Failed Payment,Retry Payment,Medium,Trigger payment retry workflow,Completed,PaymentAutomationAgent,2026-04-25T14:01:51.186616
ACT-11a50321,TXN-1199,High-Value Transaction,Require Manager Approval,High,No action,Skipped,PaymentAutomationAgent,2026-04-25T14:01:51.186700
ACT-19a7c421,TXN-1200,High-Value Transaction,Require Manager Approval,High,No action,Skipped,PaymentAutomationAgent,2026-04-25T14:01:51.186786
ACT-f7c82d3f,TXN-1201,Normal,No Action,Low,No action,Skipped,PaymentAutomationAgent,2026-04-25T14:01:51.186871
ACT-1e89d7c3,TXN-1202,Normal,No Action,Low,No action,Skipped,PaymentAutomationAgent,2026-04-25T14:01:51.186964
ACT-945e0ce3,TXN-1203,Normal,No Action,Low,No action,Skipped,PaymentAutomationAgent,2026-04-25T14:01:51.187051
ACT-441d6346,TXN-1204,Normal,No Action,Low,No action,Skipped,PaymentAutomationAgent,2026-04-25T14:01:51.187142
ACT-eea1bffd,TXN-1205,High-Value Transaction,Require Manager Approval,High,No action,Skipped,PaymentAutomationAgent,2026-04-25T14:01:51.187227
ACT-5dec9ca1,TXN-1206,Normal,No Action,Low,No action,Skipped,PaymentAutomationAgent,2026-04-25T14:01:51.187311
ACT-086a4754,TXN-1207,Duplicate Transaction,Flag for Investigation,High,No action,Skipped,PaymentAutomationAgent,2026-04-25T14:01:51.187405
ACT-6bc1cbf2,TXN-1208,Normal,No Action,Low,No action,Skipped,PaymentAutomationAgent,2026-04-25T14:01:51.187490
ACT-583aa281,TXN-1209,Normal,No Action,Low,No action,Skipped,PaymentAutomationAgent,2026-04-25T14:01:51.187579
ACT-5b278bf8,TXN-1210,High-Value Transaction,Require Manager Approval,High,No action,Skipped,PaymentAutomationAgent,2026-04-25T14:01:51.187664
ACT-43d8f380,TXN-1211,Normal,No Action,Low,No action,Skipped,PaymentAutomationAgent,2026-04-25T14:01:51.187748
ACT-d09832ea,TXN-1212,Normal,No Action,Low,No action,Skipped,PaymentAutomationAgent,2026-04-25T14:01:51.187838
ACT-eccdfae9,TXN-1213,Normal,No Action,Low,No action,Skipped,PaymentAutomationAgent,2026-04-25T14:01:51.187923
ACT-cde5cf8f,TXN-1214,Failed Payment,Retry Payment,Medium,Trigger payment retry workflow,Completed,PaymentAutomationAgent,2026-04-25T14:01:51.188007
ACT-8c9c9b74,TXN-1215,Normal,No Action,Low,No action,Skipped,PaymentAutomationAgent,2026-04-25T14:01:51.188092
ACT-4c3ab565,TXN-1216,High-Value Transaction,Require Manager Approval,High,No action,Skipped,PaymentAutomationAgent,2026-04-25T14:01:51.188177
ACT-22ea6e81,TXN-1217,Normal,No Action,Low,No action,Skipped,PaymentAutomationAgent,2026-04-25T14:01:51.188261
ACT-03d04ee7,TXN-1218,Normal,No Action,Low,No action,Skipped,PaymentAutomationAgent,2026-04-25T14:01:51.188356
ACT-f1045767,TXN-1219,High-Value Transaction,Require Manager Approval,High,No action,Skipped,PaymentAutomationAgent,2026-04-25T14:01:51.188445
ACT-6b65884a,TXN-1220,High-Value Transaction,Require Manager Approval,High,No action,Skipped,PaymentAutomationAgent,2026-04-25T14:01:51.188538
ACT-187447f2,TXN-1221,High-Value Transaction,Require Manager Approval,High,No action,Skipped,PaymentAutomationAgent,2026-04-25T14:01:51.188627
ACT-6f933ae3,TXN-1222,High-Value Transaction,Require Manager Approval,High,No action,Skipped,PaymentAutomationAgent,2026-04-25T14:01:51.188720
ACT-39a2bb99,TXN-1223,Normal,No Action,Low,No action,Skipped,PaymentAutomationAgent,2026-04-25T14:01:51.188810
ACT-f71aca00,TXN-1224,Normal,No Action,Low,No action,Skipped,PaymentAutomationAgent,2026-04-25T14:01:51.188895
ACT-26d7f91f,TXN-1225,High-Value Transaction,Require Manager Approval,High,No action,Skipped,PaymentAutomationAgent,2026-04-25T14:01:51.188985
ACT-4abc71fd,TXN-1226,High-Value Transaction,Require Manager Approval,High,No action,Skipped,PaymentAutomationAgent,2026-04-25T14:01:51.189070
ACT-51684241,TXN-1227,Normal,No Action,Low,No action,Skipped,PaymentAutomationAgent,2026-04-25T14:01:51.189154
ACT-2b8596a9,TXN-1228,Normal,No Action,Low,No action,Skipped,PaymentAutomationAgent,2026-04-25T14:01:51.189244
ACT-9e366e92,TXN-1229,Failed Payment,Retry Payment,Medium,Trigger payment retry workflow,Completed,PaymentAutomationAgent,2026-04-25T14:01:51.189329
ACT-4824f472,TXN-1230,Normal,No Action,Low,No action,Skipped,PaymentAutomationAgent,2026-04-25T14:01:51.189421
ACT-729a0384,TXN-1231,High-Value Transaction,Require Manager Approval,High,No action,Skipped,PaymentAutomationAgent,2026-04-25T14:01:51.189514
ACT-c8d4aa34,TXN-1232,Normal,No Action,Low,No action,Skipped,PaymentAutomationAgent,2026-04-25T14:01:51.189599
ACT-8000499f,TXN-1233,Refund Event,Compliance Review,Medium,No action,Skipped,PaymentAutomationAgent,2026-04-25T14:01:51.189684
ACT-4abd3144,TXN-1234,High-Value Transaction,Require Manager Approval,High,No action,Skipped,PaymentAutomationAgent,2026-04-25T14:01:51.189774
ACT-b62d5587,TXN-1235,Failed Payment,Retry Payment,Medium,Trigger payment retry workflow,Completed,PaymentAutomationAgent,2026-04-25T14:01:51.189871
ACT-b0e3d9de,TXN-1236,Normal,No Action,Low,No action,Skipped,PaymentAutomationAgent,2026-04-25T14:01:51.189967
ACT-10510371,TXN-1237,Normal,No Action,Low,No action,Skipped,PaymentAutomationAgent,2026-04-25T14:01:51.190057
ACT-9021bdd9,TXN-1238,Normal,No Action,Low,No action,Skipped,PaymentAutomationAgent,2026-04-25T14:01:51.190147
ACT-f8f8c63e,TXN-1239,Normal,No Action,Low,No action,Skipped,PaymentAutomationAgent,2026-04-25T14:01:51.190233
ACT-0689ab19,TXN-1240,High-Value Transaction,Require Manager Approval,High,No action,Skipped,PaymentAutomationAgent,2026-04-25T14:01:51.190322
ACT-80653d63,TXN-1241,Failed Payment,Retry Payment,Medium,Trigger payment retry workflow,Completed,PaymentAutomationAgent,2026-04-25T14:01:51.190433
ACT-1612d20e,TXN-1242,Normal,No Action,Low,No action,Skipped,PaymentAutomationAgent,2026-04-25T14:01:51.190519
ACT-dac11adc,TXN-1243,Normal,No Action,Low,No action,Skipped,PaymentAutomationAgent,2026-04-25T14:01:51.190620
ACT-8c5e847c,TXN-1244,Failed Payment,Retry Payment,Medium,Trigger payment retry workflow,Completed,PaymentAutomationAgent,2026-04-25T14:01:51.190750
ACT-4e51ec09,TXN-1245,Failed Payment,Retry Payment,Medium,Trigger payment retry workflow,Completed,PaymentAutomationAgent,2026-04-25T14:01:51.190873
ACT-262baa20,TXN-1246,Normal,No Action,Low,No action,Skipped,PaymentAutomationAgent,2026-04-25T14:01:51.190973
ACT-901c027f,TXN-1247,Normal,No Action,Low,No action,Skipped,PaymentAutomationAgent,2026-04-25T14:01:51.191073
ACT-efad5595,TXN-1248,Normal,No Action,Low,No action,Skipped,PaymentAutomationAgent,2026-04-25T14:01:51.191160
ACT-c1132972,TXN-1249,High-Value Transaction,Require Manager Approval,High,No action,Skipped,PaymentAutomationAgent,2026-04-25T14:01:51.191253
ACT-0974415a,TXN-1250,Failed Payment,Retry Payment,Medium,Trigger payment retry workflow,Completed,PaymentAutomationAgent,2026-04-25T14:01:51.191336
ACT-38e1b675,TXN-1251,Failed Payment,Retry Payment,Medium,Trigger payment retry workflow,Completed,PaymentAutomationAgent,2026-04-25T14:01:51.191425
ACT-27138587,TXN-1252,High-Value Transaction,Require Manager Approval,High,No action,Skipped,PaymentAutomationAgent,2026-04-25T14:01:51.191514
ACT-19d3291b,TXN-1253,Failed Payment,Retry Payment,Medium,Trigger payment retry workflow,Completed,PaymentAutomationAgent,2026-04-25T14:01:51.191609
ACT-d28a8479,TXN-1254,Normal,No Action,Low,No action,Skipped,PaymentAutomationAgent,2026-04-25T14:01:51.191693
ACT-0357bf13,TXN-1255,Normal,No Action,Low,No action,Skipped,PaymentAutomationAgent,2026-04-25T14:01:51.191795
ACT-f81e76c4,TXN-1256,High-Value Transaction,Require Manager Approval,High,No action,Skipped,PaymentAutomationAgent,2026-04-25T14:01:51.191881
ACT-3c8c8241,TXN-1257,Normal,No Action,Low,No action,Skipped,PaymentAutomationAgent,2026-04-25T14:01:51.191972
ACT-466be807,TXN-1258,Normal,No Action,Low,No action,Skipped,PaymentAutomationAgent,2026-04-25T14:01:51.192061
ACT-12e5499b,TXN-1259,High-Value Transaction,Require Manager Approval,High,No action,Skipped,PaymentAutomationAgent,2026-04-25T14:01:51.192147
ACT-4331cb60,TXN-1260,High-Value Transaction,Require Manager Approval,High,No action,Skipped,PaymentAutomationAgent,2026-04-25T14:01:51.192237
ACT-dbe62ae3,TXN-1261,Failed Payment,Retry Payment,Medium,Trigger payment retry workflow,Completed,PaymentAutomationAgent,2026-04-25T14:01:51.192321
ACT-58780108,TXN-1262,High-Value Transaction,Require Manager Approval,High,No action,Skipped,PaymentAutomationAgent,2026-04-25T14:01:51.192414
ACT-5208184b,TXN-1263,Normal,No Action,Low,No action,Skipped,PaymentAutomationAgent,2026-04-25T14:01:51.192498
ACT-d1f1c7b2,TXN-1264,Normal,No Action,Low,No action,Skipped,PaymentAutomationAgent,2026-04-25T14:01:51.192582
ACT-5c02d85b,TXN-1265,Normal,No Action,Low,No action,Skipped,PaymentAutomationAgent,2026-04-25T14:01:51.192667
ACT-d032bd8c,TXN-1266,High-Value Transaction,Require Manager Approval,High,No action,Skipped,PaymentAutomationAgent,2026-04-25T14:01:51.192751
ACT-35d902bc,TXN-1267,High-Value Transaction,Require Manager Approval,High,No action,Skipped,PaymentAutomationAgent,2026-04-25T14:01:51.192836
ACT-97a51bf9,TXN-1268,High-Value Transaction,Require Manager Approval,High,No action,Skipped,PaymentAutomationAgent,2026-04-25T14:01:51.192920
ACT-369c6ade,TXN-1269,High-Value Transaction,Require Manager Approval,High,No action,Skipped,PaymentAutomationAgent,2026-04-25T14:01:51.193004
ACT-a19974b6,TXN-1270,Normal,No Action,Low,No action,Skipped,PaymentAutomationAgent,2026-04-25T14:01:51.193106
ACT-12f10301,TXN-1271,Normal,No Action,Low,No action,Skipped,PaymentAutomationAgent,2026-04-25T14:01:51.193190
ACT-853088ac,TXN-1272,Normal,No Action,Low,No action,Skipped,PaymentAutomationAgent,2026-04-25T14:01:51.193275
ACT-6978657d,TXN-1273,Normal,No Action,Low,No action,Skipped,PaymentAutomationAgent,2026-04-25T14:01:51.193364
ACT-d75d4cdc,TXN-1274,High-Value Transaction,Require Manager Approval,High,No action,Skipped,PaymentAutomationAgent,2026-04-25T14:01:51.193449
ACT-3b1636da,TXN-1275,Normal,No Action,Low,No action,Skipped,PaymentAutomationAgent,2026-04-25T14:01:51.193535
ACT-b4c7c611,TXN-1276,Normal,No Action,Low,No action,Skipped,PaymentAutomationAgent,2026-04-25T14:01:51.193620
ACT-b6296a68,TXN-1277,High-Value Transaction,Require Manager Approval,High,No action,Skipped,PaymentAutomationAgent,2026-04-25T14:01:51.193704
ACT-b3d4c37d,TXN-1278,Normal,No Action,Low,No action,Skipped,PaymentAutomationAgent,2026-04-25T14:01:51.193788
ACT-87f5e514,TXN-1279,Normal,No Action,Low,No action,Skipped,PaymentAutomationAgent,2026-04-25T14:01:51.193871
ACT-56faeada,TXN-1280,High-Value Transaction,Require Manager Approval,High,No action,Skipped,PaymentAutomationAgent,2026-04-25T14:01:51.193961
ACT-78c41e9f,TXN-1281,Failed Payment,Retry Payment,Medium,Trigger payment retry workflow,Completed,PaymentAutomationAgent,2026-04-25T14:01:51.194045
ACT-7bf47c75,TXN-1282,High-Value Transaction,Require Manager Approval,High,No action,Skipped,PaymentAutomationAgent,2026-04-25T14:01:51.194129
ACT-617a659e,TXN-1283,Normal,No Action,Low,No action,Skipped,PaymentAutomationAgent,2026-04-25T14:01:51.194213
ACT-994f07c5,TXN-1284,Normal,No Action,Low,No action,Skipped,PaymentAutomationAgent,2026-04-25T14:01:51.194297
ACT-29505a66,TXN-1285,Failed Payment,Retry Payment,Medium,Trigger payment retry workflow,Completed,PaymentAutomationAgent,2026-04-25T14:01:51.194388
ACT-16d41a3f,TXN-1286,Normal,No Action,Low,No action,Skipped,PaymentAutomationAgent,2026-04-25T14:01:51.194473
ACT-f0609f17,TXN-1287,Normal,No Action,Low,No action,Skipped,PaymentAutomationAgent,2026-04-25T14:01:51.194557
ACT-071f10a7,TXN-1288,Normal,No Action,Low,No action,Skipped,PaymentAutomationAgent,2026-04-25T14:01:51.194642
ACT-48521079,TXN-1289,High-Value Transaction,Require Manager Approval,High,No action,Skipped,PaymentAutomationAgent,2026-04-25T14:01:51.194731
ACT-6a8fcb4c,TXN-1290,Normal,No Action,Low,No action,Skipped,PaymentAutomationAgent,2026-04-25T14:01:51.194818
ACT-83f3bfaa,TXN-1291,High-Value Transaction,Require Manager Approval,High,No action,Skipped,PaymentAutomationAgent,2026-04-25T14:01:51.194903
ACT-c11c9212,TXN-1292,Failed Payment,Retry Payment,Medium,Trigger payment retry workflow,Completed,PaymentAutomationAgent,2026-04-25T14:01:51.194987
ACT-11ed4f97,TXN-1293,High-Value Transaction,Require Manager Approval,High,No action,Skipped,PaymentAutomationAgent,2026-04-25T14:01:51.195070
ACT-120e95cf,TXN-1294,Normal,No Action,Low,No action,Skipped,PaymentAutomationAgent,2026-04-25T14:01:51.195154
ACT-2f44ffae,TXN-1295,Normal,No Action,Low,No action,Skipped,PaymentAutomationAgent,2026-04-25T14:01:51.195237
ACT-9e779f9c,TXN-1296,Normal,No Action,Low,No action,Skipped,PaymentAutomationAgent,2026-04-25T14:01:51.195321
ACT-a754328a,TXN-1297,Normal,No Action,Low,No action,Skipped,PaymentAutomationAgent,2026-04-25T14:01:51.195406
ACT-f5e9c942,TXN-1298,Normal,No Action,Low,No action,Skipped,PaymentAutomationAgent,2026-04-25T14:01:51.195495
ACT-be38e268,TXN-1299,Normal,No Action,Low,No action,Skipped,PaymentAutomationAgent,2026-04-25T14:01:51.195639
ACT-66378025,TXN-1300,Normal,No Action,Low,No action,Skipped,PaymentAutomationAgent,2026-04-25T14:01:51.195828
ACT-36954220,TXN-1301,Normal,No Action,Low,No action,Skipped,PaymentAutomationAgent,2026-04-25T14:01:51.195939
ACT-8730f388,TXN-1302,Normal,No Action,Low,No action,Skipped,PaymentAutomationAgent,2026-04-25T14:01:51.196035
ACT-ae1cd477,TXN-1303,Normal,No Action,Low,No action,Skipped,PaymentAutomationAgent,2026-04-25T14:01:51.196119
ACT-1878b2df,TXN-1304,Normal,No Action,Low,No action,Skipped,PaymentAutomationAgent,2026-04-25T14:01:51.196214
ACT-1054765f,TXN-1305,Normal,No Action,Low,No action,Skipped,PaymentAutomationAgent,2026-04-25T14:01:51.196316
ACT-46504477,TXN-1306,Normal,No Action,Low,No action,Skipped,PaymentAutomationAgent,2026-04-25T14:01:51.196414
ACT-72c8b4a1,TXN-1307,Normal,No Action,Low,No action,Skipped,PaymentAutomationAgent,2026-04-25T14:01:51.196532
ACT-148d7a97,TXN-1308,High-Value Transaction,Require Manager Approval,High,No action,Skipped,PaymentAutomationAgent,2026-04-25T14:01:51.197265
ACT-66516999,TXN-1309,Normal,No Action,Low,No action,Skipped,PaymentAutomationAgent,2026-04-25T14:01:51.197757
ACT-83844261,TXN-1310,High-Value Transaction,Require Manager Approval,High,No action,Skipped,PaymentAutomationAgent,2026-04-25T14:01:51.197991
ACT-4dc432d1,TXN-1311,Normal,No Action,Low,No action,Skipped,PaymentAutomationAgent,2026-04-25T14:01:51.198145
ACT-39ce2d84,TXN-1312,High-Value Transaction,Require Manager Approval,High,No action,Skipped,PaymentAutomationAgent,2026-04-25T14:01:51.198303
ACT-44381bc2,TXN-1313,Failed Payment,Retry Payment,Medium,Trigger payment retry workflow,Completed,PaymentAutomationAgent,2026-04-25T14:01:51.198548
ACT-54f141fa,TXN-1314,Normal,No Action,Low,No action,Skipped,PaymentAutomationAgent,2026-04-25T14:01:51.198801
ACT-bac62b64,TXN-1315,High-Value Transaction,Require Manager Approval,High,No action,Skipped,PaymentAutomationAgent,2026-04-25T14:01:51.198964
ACT-27ae23fd,TXN-1316,Normal,No Action,Low,No action,Skipped,PaymentAutomationAgent,2026-04-25T14:01:51.199062
ACT-72b62275,TXN-1317,High-Value Transaction,Require Manager Approval,High,No action,Skipped,PaymentAutomationAgent,2026-04-25T14:01:51.199151
ACT-065edeb4,TXN-1318,Normal,No Action,Low,No action,Skipped,PaymentAutomationAgent,2026-04-25T14:01:51.199242
ACT-e8d77968,TXN-1319,High-Value Transaction,Require Manager Approval,High,No action,Skipped,PaymentAutomationAgent,2026-04-25T14:01:51.199375
ACT-348f2d37,TXN-1320,Normal,No Action,Low,No action,Skipped,PaymentAutomationAgent,2026-04-25T14:01:51.199497
ACT-d373ccec,TXN-1321,Normal,No Action,Low,No action,Skipped,PaymentAutomationAgent,2026-04-25T14:01:51.199601
ACT-5b820253,TXN-1322,Normal,No Action,Low,No action,Skipped,PaymentAutomationAgent,2026-04-25T14:01:51.199700
ACT-41f67441,TXN-1323,Normal,No Action,Low,No action,Skipped,PaymentAutomationAgent,2026-04-25T14:01:51.199816
ACT-c7a9436a,TXN-1324,High-Value Transaction,Require Manager Approval,High,No action,Skipped,PaymentAutomationAgent,2026-04-25T14:01:51.199948
ACT-c2115821,TXN-1325,Failed Payment,Retry Payment,Medium,Trigger payment retry workflow,Completed,PaymentAutomationAgent,2026-04-25T14:01:51.200043
ACT-8a664e3c,TXN-1326,High-Value Transaction,Require Manager Approval,High,No action,Skipped,PaymentAutomationAgent,2026-04-25T14:01:51.200129
ACT-974aa9b7,TXN-1327,Normal,No Action,Low,No action,Skipped,PaymentAutomationAgent,2026-04-25T14:01:51.200226
ACT-caddc3e8,TXN-1328,Normal,No Action,Low,No action,Skipped,PaymentAutomationAgent,2026-04-25T14:01:51.200313
ACT-a3b4019b,TXN-1329,High-Value Transaction,Require Manager Approval,High,No action,Skipped,PaymentAutomationAgent,2026-04-25T14:01:51.200417
ACT-da390bc4,TXN-1330,Normal,No Action,Low,No action,Skipped,PaymentAutomationAgent,2026-04-25T14:01:51.200508
ACT-d3adb547,TXN-1331,Normal,No Action,Low,No action,Skipped,PaymentAutomationAgent,2026-04-25T14:01:51.200594
ACT-2c15c5c2,TXN-1332,Normal,No Action,Low,No action,Skipped,PaymentAutomationAgent,2026-04-25T14:01:51.200681
ACT-b00e0e62,TXN-1333,Refund Event,Compliance Review,Medium,No action,Skipped,PaymentAutomationAgent,2026-04-25T14:01:51.200766
ACT-30412afb,TXN-1334,High-Value Transaction,Require Manager Approval,High,No action,Skipped,PaymentAutomationAgent,2026-04-25T14:01:51.200852
ACT-32827872,TXN-1335,High-Value Transaction,Require Manager Approval,High,No action,Skipped,PaymentAutomationAgent,2026-04-25T14:01:51.200938
ACT-59fce13d,TXN-1336,Normal,No Action,Low,No action,Skipped,PaymentAutomationAgent,2026-04-25T14:01:51.201029
ACT-c293db8e,TXN-1337,Normal,No Action,Low,No action,Skipped,PaymentAutomationAgent,2026-04-25T14:01:51.201116
ACT-664c83ab,TXN-1338,High-Value Transaction,Require Manager Approval,High,No action,Skipped,PaymentAutomationAgent,2026-04-25T14:01:51.201206
ACT-449cfa85,TXN-1339,Normal,No Action,Low,No action,Skipped,PaymentAutomationAgent,2026-04-25T14:01:51.201292
ACT-67c7bf64,TXN-1340,Normal,No Action,Low,No action,Skipped,PaymentAutomationAgent,2026-04-25T14:01:51.201378
ACT-a284163a,TXN-1341,High-Value Transaction,Require Manager Approval,High,No action,Skipped,PaymentAutomationAgent,2026-04-25T14:01:51.201463
ACT-1a32c440,TXN-1342,Normal,No Action,Low,No action,Skipped,PaymentAutomationAgent,2026-04-25T14:01:51.201549
ACT-88a907d8,TXN-1343,Normal,No Action,Low,No action,Skipped,PaymentAutomationAgent,2026-04-25T14:01:51.201634
ACT-98a88d1a,TXN-1344,Normal,No Action,Low,No action,Skipped,PaymentAutomationAgent,2026-04-25T14:01:51.201720
ACT-07be94cf,TXN-1345,Normal,No Action,Low,No action,Skipped,PaymentAutomationAgent,2026-04-25T14:01:51.201805
ACT-f0053f11,TXN-1346,Normal,No Action,Low,No action,Skipped,PaymentAutomationAgent,2026-04-25T14:01:51.201890
ACT-aa4ef5cd,TXN-1347,High-Value Transaction,Require Manager Approval,High,No action,Skipped,PaymentAutomationAgent,2026-04-25T14:01:51.201979
ACT-ab375e3d,TXN-1348,Failed Payment,Retry Payment,Medium,Trigger payment retry workflow,Completed,PaymentAutomationAgent,2026-04-25T14:01:51.202073
ACT-003527f2,TXN-1349,Normal,No Action,Low,No action,Skipped,PaymentAutomationAgent,2026-04-25T14:01:51.202175
ACT-1185e24b,TXN-1350,Normal,No Action,Low,No action,Skipped,PaymentAutomationAgent,2026-04-25T14:01:51.202299
ACT-b7cc92eb,TXN-1351,Normal,No Action,Low,No action,Skipped,PaymentAutomationAgent,2026-04-25T14:01:51.202387
ACT-a36ead52,TXN-1352,Normal,No Action,Low,No action,Skipped,PaymentAutomationAgent,2026-04-25T14:01:51.202478
ACT-bbad4366,TXN-1353,High-Value Transaction,Require Manager Approval,High,No action,Skipped,PaymentAutomationAgent,2026-04-25T14:01:51.202565
ACT-49f318f0,TXN-1354,Normal,No Action,Low,No action,Skipped,PaymentAutomationAgent,2026-04-25T14:01:51.202662
ACT-771ba3fc,TXN-1355,Normal,No Action,Low,No action,Skipped,PaymentAutomationAgent,2026-04-25T14:01:51.202754
ACT-819db7af,TXN-1356,Normal,No Action,Low,No action,Skipped,PaymentAutomationAgent,2026-04-25T14:01:51.202846
ACT-0d6b3084,TXN-1357,Duplicate Transaction,Flag for Investigation,High,No action,Skipped,PaymentAutomationAgent,2026-04-25T14:01:51.202942
ACT-0548b1d9,TXN-1358,Normal,No Action,Low,No action,Skipped,PaymentAutomationAgent,2026-04-25T14:01:51.203032
ACT-4481c74b,TXN-1359,Refund Event,Compliance Review,Medium,No action,Skipped,PaymentAutomationAgent,2026-04-25T14:01:51.203118
ACT-1733be09,TXN-1360,Normal,No Action,Low,No action,Skipped,PaymentAutomationAgent,2026-04-25T14:01:51.203208
ACT-6ae7f075,TXN-1361,Normal,No Action,Low,No action,Skipped,PaymentAutomationAgent,2026-04-25T14:01:51.203298
ACT-b58e2dcb,TXN-1362,Failed Payment,Retry Payment,Medium,Trigger payment retry workflow,Completed,PaymentAutomationAgent,2026-04-25T14:01:51.203398
ACT-656715da,TXN-1363,Normal,No Action,Low,No action,Skipped,PaymentAutomationAgent,2026-04-25T14:01:51.203489
ACT-e3f19821,TXN-1364,Normal,No Action,Low,No action,Skipped,PaymentAutomationAgent,2026-04-25T14:01:51.203580
ACT-ca92e94f,TXN-1365,Normal,No Action,Low,No action,Skipped,PaymentAutomationAgent,2026-04-25T14:01:51.203666
ACT-a84c4d7b,TXN-1366,High-Value Transaction,Require Manager Approval,High,No action,Skipped,PaymentAutomationAgent,2026-04-25T14:01:51.203756
ACT-f93ea408,TXN-1367,Normal,No Action,Low,No action,Skipped,PaymentAutomationAgent,2026-04-25T14:01:51.203902
ACT-3c6edf68,TXN-1368,Normal,No Action,Low,No action,Skipped,PaymentAutomationAgent,2026-04-25T14:01:51.204046
ACT-ab682618,TXN-1369,Failed Payment,Retry Payment,Medium,Trigger payment retry workflow,Completed,PaymentAutomationAgent,2026-04-25T14:01:51.204148
ACT-16c6cd38,TXN-1370,Normal,No Action,Low,No action,Skipped,PaymentAutomationAgent,2026-04-25T14:01:51.204252
ACT-da5901dc,TXN-1371,High-Value Transaction,Require Manager Approval,High,No action,Skipped,PaymentAutomationAgent,2026-04-25T14:01:51.204343
ACT-8f88a5de,TXN-1372,Refund Event,Compliance Review,Medium,No action,Skipped,PaymentAutomationAgent,2026-04-25T14:01:51.204439
ACT-bc196a12,TXN-1373,Normal,No Action,Low,No action,Skipped,PaymentAutomationAgent,2026-04-25T14:01:51.204527
ACT-abe897d9,TXN-1374,Normal,No Action,Low,No action,Skipped,PaymentAutomationAgent,2026-04-25T14:01:51.204616
ACT-6b443122,TXN-1375,Normal,No Action,Low,No action,Skipped,PaymentAutomationAgent,2026-04-25T14:01:51.204701
ACT-f74ae315,TXN-1376,High-Value Transaction,Require Manager Approval,High,No action,Skipped,PaymentAutomationAgent,2026-04-25T14:01:51.204787
ACT-baa15502,TXN-1377,Normal,No Action,Low,No action,Skipped,PaymentAutomationAgent,2026-04-25T14:01:51.204881
ACT-0cc90604,TXN-1378,High-Value Transaction,Require Manager Approval,High,No action,Skipped,PaymentAutomationAgent,2026-04-25T14:01:51.204974
ACT-d20c6779,TXN-1379,Normal,No Action,Low,No action,Skipped,PaymentAutomationAgent,2026-04-25T14:01:51.205067
ACT-1b2f353c,TXN-1380,Normal,No Action,Low,No action,Skipped,PaymentAutomationAgent,2026-04-25T14:01:51.205151
ACT-0f8d4f85,TXN-1381,High-Value Transaction,Require Manager Approval,High,No action,Skipped,PaymentAutomationAgent,2026-04-25T14:01:51.205234
ACT-0db1764a,TXN-1382,Failed Payment,Retry Payment,Medium,Trigger payment retry workflow,Completed,PaymentAutomationAgent,2026-04-25T14:01:51.205318
ACT-608dd8a1,TXN-1383,High-Value Transaction,Require Manager Approval,High,No action,Skipped,PaymentAutomationAgent,2026-04-25T14:01:51.205403
ACT-7b553738,TXN-1384,Normal,No Action,Low,No action,Skipped,PaymentAutomationAgent,2026-04-25T14:01:51.205498
ACT-4c2099fd,TXN-1385,Normal,No Action,Low,No action,Skipped,PaymentAutomationAgent,2026-04-25T14:01:51.205582
ACT-54aabfb9,TXN-1386,Normal,No Action,Low,No action,Skipped,PaymentAutomationAgent,2026-04-25T14:01:51.205665
ACT-f4748745,TXN-1387,Normal,No Action,Low,No action,Skipped,PaymentAutomationAgent,2026-04-25T14:01:51.205753
ACT-569f92cd,TXN-1388,High-Value Transaction,Require Manager Approval,High,No action,Skipped,PaymentAutomationAgent,2026-04-25T14:01:51.205837
ACT-1c64e6ca,TXN-1389,High-Value Transaction,Require Manager Approval,High,No action,Skipped,PaymentAutomationAgent,2026-04-25T14:01:51.205923
ACT-050919f7,TXN-1390,High-Value Transaction,Require Manager Approval,High,No action,Skipped,PaymentAutomationAgent,2026-04-25T14:01:51.206008
ACT-c6d474a7,TXN-1391,Normal,No Action,Low,No action,Skipped,PaymentAutomationAgent,2026-04-25T14:01:51.206091
ACT-352e927b,TXN-1392,High-Value Transaction,Require Manager Approval,High,No action,Skipped,PaymentAutomationAgent,2026-04-25T14:01:51.206175
ACT-dee11aba,TXN-1393,High-Value Transaction,Require Manager Approval,High,No action,Skipped,PaymentAutomationAgent,2026-04-25T14:01:51.206267
ACT-ba7183e3,TXN-1394,High-Value Transaction,Require Manager Approval,High,No action,Skipped,PaymentAutomationAgent,2026-04-25T14:01:51.206351
ACT-5706eace,TXN-1395,High-Value Transaction,Require Manager Approval,High,No action,Skipped,PaymentAutomationAgent,2026-04-25T14:01:51.206434
ACT-a4d6b587,TXN-1396,High-Value Transaction,Require Manager Approval,High,No action,Skipped,PaymentAutomationAgent,2026-04-25T14:01:51.206517
ACT-44505349,TXN-1397,High-Value Transaction,Require Manager Approval,High,No action,Skipped,PaymentAutomationAgent,2026-04-25T14:01:51.206607
ACT-c0627a15,TXN-1398,Failed Payment,Retry Payment,Medium,Trigger payment retry workflow,Completed,PaymentAutomationAgent,2026-04-25T14:01:51.206690
ACT-ba04f9f6,TXN-1399,High-Value Transaction,Require Manager Approval,High,No action,Skipped,PaymentAutomationAgent,2026-04-25T14:01:51.206773
ACT-50f802a8,TXN-1400,Failed Payment,Retry Payment,Medium,Trigger payment retry workflow,Completed,PaymentAutomationAgent,2026-04-25T14:01:51.206864
ACT-63ef3137,TXN-1401,Normal,No Action,Low,No action,Skipped,PaymentAutomationAgent,2026-04-25T14:01:51.206949
ACT-39beff56,TXN-1402,High-Value Transaction,Require Manager Approval,High,No action,Skipped,PaymentAutomationAgent,2026-04-25T14:01:51.207040
ACT-38bdaa3c,TXN-1403,Failed Payment,Retry Payment,Medium,Trigger payment retry workflow,Completed,PaymentAutomationAgent,2026-04-25T14:01:51.207124
ACT-41aef961,TXN-1404,High-Value Transaction,Require Manager Approval,High,No action,Skipped,PaymentAutomationAgent,2026-04-25T14:01:51.207208
ACT-3ad68fb3,TXN-1405,High-Value Transaction,Require Manager Approval,High,No action,Skipped,PaymentAutomationAgent,2026-04-25T14:01:51.207291
ACT-7ec863a8,TXN-1406,Failed Payment,Retry Payment,Medium,Trigger payment retry workflow,Completed,PaymentAutomationAgent,2026-04-25T14:01:51.207374
ACT-13a7782d,TXN-1407,Normal,No Action,Low,No action,Skipped,PaymentAutomationAgent,2026-04-25T14:01:51.207464
ACT-73eac18a,TXN-1408,Normal,No Action,Low,No action,Skipped,PaymentAutomationAgent,2026-04-25T14:01:51.207550
ACT-236d3d87,TXN-1409,Normal,No Action,Low,No action,Skipped,PaymentAutomationAgent,2026-04-25T14:01:51.207634
ACT-291ae9ba,TXN-1410,Failed Payment,Retry Payment,Medium,Trigger payment retry workflow,Completed,PaymentAutomationAgent,2026-04-25T14:01:51.207718
ACT-1a7f4f48,TXN-1411,High-Value Transaction,Require Manager Approval,High,No action,Skipped,PaymentAutomationAgent,2026-04-25T14:01:51.207801
ACT-5c1dcad7,TXN-1412,Duplicate Transaction,Flag for Investigation,High,No action,Skipped,PaymentAutomationAgent,2026-04-25T14:01:51.207885
ACT-303aa167,TXN-1413,High-Value Transaction,Require Manager Approval,High,No action,Skipped,PaymentAutomationAgent,2026-04-25T14:01:51.207968
ACT-d62ee411,TXN-1414,High-Value Transaction,Require Manager Approval,High,No action,Skipped,PaymentAutomationAgent,2026-04-25T14:01:51.208052
ACT-23d057eb,TXN-1415,Normal,No Action,Low,No action,Skipped,PaymentAutomationAgent,2026-04-25T14:01:51.208136
ACT-cbc6b34d,TXN-1416,Normal,No Action,Low,No action,Skipped,PaymentAutomationAgent,2026-04-25T14:01:51.208234
ACT-0f73b2ad,TXN-1417,Normal,No Action,Low,No action,Skipped,PaymentAutomationAgent,2026-04-25T14:01:51.208319
ACT-8b862812,TXN-1418,Normal,No Action,Low,No action,Skipped,PaymentAutomationAgent,2026-04-25T14:01:51.208402
ACT-93e03a6a,TXN-1419,High-Value Transaction,Require Manager Approval,High,No action,Skipped,PaymentAutomationAgent,2026-04-25T14:01:51.208485
ACT-728ac230,TXN-1420,Normal,No Action,Low,No action,Skipped,PaymentAutomationAgent,2026-04-25T14:01:51.208569
ACT-2b435474,TXN-1421,Normal,No Action,Low,No action,Skipped,PaymentAutomationAgent,2026-04-25T14:01:51.208654
ACT-44a09fc1,TXN-1422,Normal,No Action,Low,No action,Skipped,PaymentAutomationAgent,2026-04-25T14:01:51.208737
ACT-e2685611,TXN-1423,Normal,No Action,Low,No action,Skipped,PaymentAutomationAgent,2026-04-25T14:01:51.208820
ACT-03ee04af,TXN-1424,Normal,No Action,Low,No action,Skipped,PaymentAutomationAgent,2026-04-25T14:01:51.208903
ACT-d914116e,TXN-1425,High-Value Transaction,Require Manager Approval,High,No action,Skipped,PaymentAutomationAgent,2026-04-25T14:01:51.208992
ACT-18a0a0da,TXN-1426,Normal,No Action,Low,No action,Skipped,PaymentAutomationAgent,2026-04-25T14:01:51.209082
ACT-75705142,TXN-1427,Normal,No Action,Low,No action,Skipped,PaymentAutomationAgent,2026-04-25T14:01:51.209183
ACT-11d2c806,TXN-1428,Normal,No Action,Low,No action,Skipped,PaymentAutomationAgent,2026-04-25T14:01:51.209272
ACT-54d3d86c,TXN-1429,Normal,No Action,Low,No action,Skipped,PaymentAutomationAgent,2026-04-25T14:01:51.209355
ACT-fd4d95d0,TXN-1430,High-Value Transaction,Require Manager Approval,High,No action,Skipped,PaymentAutomationAgent,2026-04-25T14:01:51.209438
ACT-43c0984a,TXN-1431,High-Value Transaction,Require Manager Approval,High,No action,Skipped,PaymentAutomationAgent,2026-04-25T14:01:51.209522
ACT-1e47c20c,TXN-1432,High-Value Transaction,Require Manager Approval,High,No action,Skipped,PaymentAutomationAgent,2026-04-25T14:01:51.209616
ACT-130fc322,TXN-1433,Normal,No Action,Low,No action,Skipped,PaymentAutomationAgent,2026-04-25T14:01:51.209708
ACT-8e2a4342,TXN-1434,High-Value Transaction,Require Manager Approval,High,No action,Skipped,PaymentAutomationAgent,2026-04-25T14:01:51.209801
ACT-e75ab4cd,TXN-1435,Normal,No Action,Low,No action,Skipped,PaymentAutomationAgent,2026-04-25T14:01:51.209885
ACT-7e745e61,TXN-1436,High-Value Transaction,Require Manager Approval,High,No action,Skipped,PaymentAutomationAgent,2026-04-25T14:01:51.209984
ACT-5aaf765a,TXN-1437,High-Value Transaction,Require Manager Approval,High,No action,Skipped,PaymentAutomationAgent,2026-04-25T14:01:51.210067
ACT-31408f2e,TXN-1438,Normal,No Action,Low,No action,Skipped,PaymentAutomationAgent,2026-04-25T14:01:51.210150
ACT-e033ebff,TXN-1439,Normal,No Action,Low,No action,Skipped,PaymentAutomationAgent,2026-04-25T14:01:51.210239
ACT-0d26019d,TXN-1440,Normal,No Action,Low,No action,Skipped,PaymentAutomationAgent,2026-04-25T14:01:51.210345
ACT-1d67fd92,TXN-1441,High-Value Transaction,Require Manager Approval,High,No action,Skipped,PaymentAutomationAgent,2026-04-25T14:01:51.210429
ACT-72b54e5e,TXN-1442,Normal,No Action,Low,No action,Skipped,PaymentAutomationAgent,2026-04-25T14:01:51.210522
ACT-3dc65af8,TXN-1443,Normal,No Action,Low,No action,Skipped,PaymentAutomationAgent,2026-04-25T14:01:51.210604
ACT-ed8d479b,TXN-1444,High-Value Transaction,Require Manager Approval,High,No action,Skipped,PaymentAutomationAgent,2026-04-25T14:01:51.210688
ACT-6a6cc54c,TXN-1445,Normal,No Action,Low,No action,Skipped,PaymentAutomationAgent,2026-04-25T14:01:51.210775
ACT-3a6cfdb1,TXN-1446,Normal,No Action,Low,No action,Skipped,PaymentAutomationAgent,2026-04-25T14:01:51.210875
ACT-cb43e8e1,TXN-1447,Failed Payment,Retry Payment,Medium,Trigger payment retry workflow,Completed,PaymentAutomationAgent,2026-04-25T14:01:51.210959
ACT-cb664073,TXN-1448,High-Value Transaction,Require Manager Approval,High,No action,Skipped,PaymentAutomationAgent,2026-04-25T14:01:51.211073
ACT-f7337c40,TXN-1449,Failed Payment,Retry Payment,Medium,Trigger payment retry workflow,Completed,PaymentAutomationAgent,2026-04-25T14:01:51.211220
ACT-cd8af4e9,TXN-1450,High-Value Transaction,Require Manager Approval,High,No action,Skipped,PaymentAutomationAgent,2026-04-25T14:01:51.211332
ACT-8713ca67,TXN-1451,Normal,No Action,Low,No action,Skipped,PaymentAutomationAgent,2026-04-25T14:01:51.211423
ACT-ef8e68ce,TXN-1452,Duplicate Transaction,Flag for Investigation,High,No action,Skipped,PaymentAutomationAgent,2026-04-25T14:01:51.211521
ACT-d9c02625,TXN-1453,Failed Payment,Retry Payment,Medium,Trigger payment retry workflow,Completed,PaymentAutomationAgent,2026-04-25T14:01:51.211605
ACT-60241a5e,TXN-1454,Normal,No Action,Low,No action,Skipped,PaymentAutomationAgent,2026-04-25T14:01:51.211692
ACT-7364b8c7,TXN-1455,Normal,No Action,Low,No action,Skipped,PaymentAutomationAgent,2026-04-25T14:01:51.211781
ACT-a01cc4f8,TXN-1456,Normal,No Action,Low,No action,Skipped,PaymentAutomationAgent,2026-04-25T14:01:51.211864
ACT-938ed043,TXN-1457,Duplicate Transaction,Flag for Investigation,High,No action,Skipped,PaymentAutomationAgent,2026-04-25T14:01:51.211948
ACT-85bdb46f,TXN-1458,Normal,No Action,Low,No action,Skipped,PaymentAutomationAgent,2026-04-25T14:01:51.212041
ACT-173d7e0e,TXN-1459,Normal,No Action,Low,No action,Skipped,PaymentAutomationAgent,2026-04-25T14:01:51.212125
ACT-e2781056,TXN-1460,Normal,No Action,Low,No action,Skipped,PaymentAutomationAgent,2026-04-25T14:01:51.212306
ACT-161a586d,TXN-1461,High-Value Transaction,Require Manager Approval,High,No action,Skipped,PaymentAutomationAgent,2026-04-25T14:01:51.212472
ACT-3fef3c01,TXN-1462,High-Value Transaction,Require Manager Approval,High,No action,Skipped,PaymentAutomationAgent,2026-04-25T14:01:51.212605
ACT-8e9b924b,TXN-1463,Normal,No Action,Low,No action,Skipped,PaymentAutomationAgent,2026-04-25T14:01:51.212698
ACT-4fa89a94,TXN-1464,Normal,No Action,Low,No action,Skipped,PaymentAutomationAgent,2026-04-25T14:01:51.212797
ACT-857f3e0d,TXN-1465,Failed Payment,Retry Payment,Medium,Trigger payment retry workflow,Completed,PaymentAutomationAgent,2026-04-25T14:01:51.212895
ACT-29c96046,TXN-1466,Normal,No Action,Low,No action,Skipped,PaymentAutomationAgent,2026-04-25T14:01:51.212981
ACT-e0967d2f,TXN-1467,Normal,No Action,Low,No action,Skipped,PaymentAutomationAgent,2026-04-25T14:01:51.213068
ACT-faef102a,TXN-1468,Normal,No Action,Low,No action,Skipped,PaymentAutomationAgent,2026-04-25T14:01:51.213367
ACT-9d32602b,TXN-1469,High-Value Transaction,Require Manager Approval,High,No action,Skipped,PaymentAutomationAgent,2026-04-25T14:01:51.213599
ACT-3e5980a2,TXN-1470,High-Value Transaction,Require Manager Approval,High,No action,Skipped,PaymentAutomationAgent,2026-04-25T14:01:51.213697
ACT-1ce7a809,TXN-1471,Normal,No Action,Low,No action,Skipped,PaymentAutomationAgent,2026-04-25T14:01:51.213799
ACT-191fc573,TXN-1472,Normal,No Action,Low,No action,Skipped,PaymentAutomationAgent,2026-04-25T14:01:51.213895
ACT-d21e4697,TXN-1473,Normal,No Action,Low,No action,Skipped,PaymentAutomationAgent,2026-04-25T14:01:51.213982
ACT-b277ae79,TXN-1474,Normal,No Action,Low,No action,Skipped,PaymentAutomationAgent,2026-04-25T14:01:51.214102
ACT-a2865138,TXN-1475,High-Value Transaction,Require Manager Approval,High,No action,Skipped,PaymentAutomationAgent,2026-04-25T14:01:51.214281
ACT-95ed27aa,TXN-1476,Refund Event,Compliance Review,Medium,No action,Skipped,PaymentAutomationAgent,2026-04-25T14:01:51.214386
ACT-bca83b6d,TXN-1477,High-Value Transaction,Require Manager Approval,High,No action,Skipped,PaymentAutomationAgent,2026-04-25T14:01:51.214550
ACT-780d195d,TXN-1478,Normal,No Action,Low,No action,Skipped,PaymentAutomationAgent,2026-04-25T14:01:51.214727
ACT-39dc0c50,TXN-1479,Normal,No Action,Low,No action,Skipped,PaymentAutomationAgent,2026-04-25T14:01:51.214856
ACT-571536e0,TXN-1480,Normal,No Action,Low,No action,Skipped,PaymentAutomationAgent,2026-04-25T14:01:51.214968
ACT-640cb7d9,TXN-1481,High-Value Transaction,Require Manager Approval,High,No action,Skipped,PaymentAutomationAgent,2026-04-25T14:01:51.215053
ACT-40eae561,TXN-1482,High-Value Transaction,Require Manager Approval,High,No action,Skipped,PaymentAutomationAgent,2026-04-25T14:01:51.215137
ACT-ada343f4,TXN-1483,Normal,No Action,Low,No action,Skipped,PaymentAutomationAgent,2026-04-25T14:01:51.215228
ACT-fb676ba0,TXN-1484,Failed Payment,Retry Payment,Medium,Trigger payment retry workflow,Completed,PaymentAutomationAgent,2026-04-25T14:01:51.215353
ACT-c604e49d,TXN-1485,High-Value Transaction,Require Manager Approval,High,No action,Skipped,PaymentAutomationAgent,2026-04-25T14:01:51.215470
ACT-4679f005,TXN-1486,Normal,No Action,Low,No action,Skipped,PaymentAutomationAgent,2026-04-25T14:01:51.215582
ACT-3ac98ee0,TXN-1487,Normal,No Action,Low,No action,Skipped,PaymentAutomationAgent,2026-04-25T14:01:51.215671
ACT-05d1b2b6,TXN-1488,High-Value Transaction,Require Manager Approval,High,No action,Skipped,PaymentAutomationAgent,2026-04-25T14:01:51.215757
ACT-0a7d7f9a,TXN-1489,Normal,No Action,Low,No action,Skipped,PaymentAutomationAgent,2026-04-25T14:01:51.215844
ACT-4091ee09,TXN-1490,Normal,No Action,Low,No action,Skipped,PaymentAutomationAgent,2026-04-25T14:01:51.215928
ACT-f96ef4d5,TXN-1491,Failed Payment,Retry Payment,Medium,Trigger payment retry workflow,Completed,PaymentAutomationAgent,2026-04-25T14:01:51.216015
ACT-626daeaf,TXN-1492,Normal,No Action,Low,No action,Skipped,PaymentAutomationAgent,2026-04-25T14:01:51.216114
ACT-4c956fae,TXN-1493,Normal,No Action,Low,No action,Skipped,PaymentAutomationAgent,2026-04-25T14:01:51.216202
ACT-93d4e03f,TXN-1494,High-Value Transaction,Require Manager Approval,High,No action,Skipped,PaymentAutomationAgent,2026-04-25T14:01:51.216304
ACT-3fc43f5a,TXN-1495,Normal,No Action,Low,No action,Skipped,PaymentAutomationAgent,2026-04-25T14:01:51.216389
ACT-fb944e21,TXN-1496,High-Value Transaction,Require Manager Approval,High,No action,Skipped,PaymentAutomationAgent,2026-04-25T14:01:51.216480
ACT-a3ac9830,TXN-1497,High-Value Transaction,Require Manager Approval,High,No action,Skipped,PaymentAutomationAgent,2026-04-25T14:01:51.216572
ACT-f88f0bcd,TXN-1498,Duplicate Transaction,Flag for Investigation,High,No action,Skipped,PaymentAutomationAgent,2026-04-25T14:01:51.216666
ACT-2141d523,TXN-1499,Failed Payment,Retry Payment,Medium,Trigger payment retry workflow,Completed,PaymentAutomationAgent,2026-04-25T14:01:51.216757
ACT-4c92e90a,TXN-1500,Failed Payment,Retry Payment,Medium,Trigger payment retry workflow,Completed,PaymentAutomationAgent,2026-04-25T14:01:51.216850
ACT-540a558b,TXN-1110,Duplicate Transaction,Flag for Investigation,High,No action,Skipped,PaymentAutomationAgent,2026-04-25T14:01:51.216938
ACT-f556396c,TXN-1084,Duplicate Transaction,Flag for Investigation,High,No action,Skipped,PaymentAutomationAgent,2026-04-25T14:01:51.217028
ACT-8a0b0150,TXN-1207,Duplicate Transaction,Flag for Investigation,High,No action,Skipped,PaymentAutomationAgent,2026-04-25T14:01:51.217114
ACT-2da4c340,TXN-1060,Duplicate Transaction,Flag for Investigation,High,No action,Skipped,PaymentAutomationAgent,2026-04-25T14:01:51.217224
ACT-b5a8e153,TXN-1457,Duplicate Transaction,Flag for Investigation,High,No action,Skipped,PaymentAutomationAgent,2026-04-25T14:01:51.217308
ACT-a6b62682,TXN-1498,Duplicate Transaction,Flag for Investigation,High,No action,Skipped,PaymentAutomationAgent,2026-04-25T14:01:51.217398
ACT-42a5348f,TXN-1452,Duplicate Transaction,Flag for Investigation,High,No action,Skipped,PaymentAutomationAgent,2026-04-25T14:01:51.217483
ACT-a5b4ad20,TXN-1153,Duplicate Transaction,Flag for Investigation,High,No action,Skipped,PaymentAutomationAgent,2026-04-25T14:01:51.217572
ACT-410df302,TXN-1412,Duplicate Transaction,Flag for Investigation,High,No action,Skipped,PaymentAutomationAgent,2026-04-25T14:01:51.217658
ACT-827b068a,TXN-1357,Duplicate Transaction,Flag for Investigation,High,No action,Skipped,PaymentAutomationAgent,2026-04-25T14:01:51.217746
