event_id,transaction_id,store_id,customer_id,amount,payment_method,status,event_type,source_system,timestamp
EVT-1001,TXN-1001,1,CUST-736,277.55,MOBILE_WALLET,SUCCESS,PAYMENT_SUCCESS,POS_SYSTEM,2026-04-24 07:55:03.630155
EVT-1002,TXN-1002,2,CUST-838,163.6,MOBILE_WALLET,SUCCESS,PAYMENT_SUCCESS,POS_SYSTEM,2026-04-24 18:44:03.630192
EVT-1003,TXN-1003,9,CUST-417,277.87,CARD,SUCCESS,PAYMENT_SUCCESS,POS_SYSTEM,2026-04-24 03:35:03.630207
EVT-1004,TXN-1004,6,CUST-191,534.72,CASH,SUCCESS,PAYMENT_SUCCESS,POS_SYSTEM,2026-04-22 11:50:03.630222
EVT-1005,TXN-1005,1,CUST-711,442.16,MOBILE_WALLET,SUCCESS,PAYMENT_SUCCESS,POS_SYSTEM,2026-04-24 02:10:03.630233
EVT-1006,TXN-1006,2,CUST-720,119.59,CASH,FAILED,PAYMENT_FAILED,POS_SYSTEM,2026-04-23 08:45:03.630244
EVT-1007,TXN-1007,5,CUST-672,435.65,CASH,SUCCESS,PAYMENT_SUCCESS,POS_SYSTEM,2026-04-22 14:28:03.630254
EVT-1008,TXN-1008,6,CUST-501,269.85,GIFT_CARD,SUCCESS,PAYMENT_SUCCESS,POS_SYSTEM,2026-04-25 09:34:03.630265
EVT-1009,TXN-1009,5,CUST-955,246.97,GIFT_CARD,FAILED,PAYMENT_FAILED,POS_SYSTEM,2026-04-24 14:19:03.630275
EVT-1010,TXN-1010,1,CUST-648,415.28,CASH,SUCCESS,PAYMENT_SUCCESS,POS_SYSTEM,2026-04-22 13:17:03.630286
EVT-1011,TXN-1011,6,CUST-224,506.43,CARD,SUCCESS,PAYMENT_SUCCESS,POS_SYSTEM,2026-04-25 08:42:03.630296
EVT-1012,TXN-1012,9,CUST-151,268.63,GIFT_CARD,SUCCESS,PAYMENT_SUCCESS,POS_SYSTEM,2026-04-22 15:21:03.630306
EVT-1013,TXN-1013,5,CUST-760,105.01,MOBILE_WALLET,SUCCESS,PAYMENT_SUCCESS,POS_SYSTEM,2026-04-25 06:30:03.630318
EVT-1014,TXN-1014,3,CUST-415,475.49,CASH,FAILED,PAYMENT_FAILED,POS_SYSTEM,2026-04-23 13:59:03.630328
EVT-1015,TXN-1015,9,CUST-192,285.13,GIFT_CARD,SUCCESS,PAYMENT_SUCCESS,POS_SYSTEM,2026-04-24 02:45:03.630338
EVT-1016,TXN-1016,9,CUST-388,473.21,CARD,FAILED,PAYMENT_FAILED,POS_SYSTEM,2026-04-22 06:50:03.630347
EVT-1017,TXN-1017,10,CUST-225,586.2,MOBILE_WALLET,SUCCESS,PAYMENT_SUCCESS,POS_SYSTEM,2026-04-25 09:54:03.630357
EVT-1018,TXN-1018,2,CUST-514,247.77,GIFT_CARD,SUCCESS,PAYMENT_SUCCESS,POS_SYSTEM,2026-04-24 02:03:03.630370
EVT-1019,TXN-1019,9,CUST-389,329.0,MOBILE_WALLET,SUCCESS,PAYMENT_SUCCESS,POS_SYSTEM,2026-04-24 05:42:03.630379
EVT-1020,TXN-1020,7,CUST-742,219.89,CARD,FAILED,PAYMENT_FAILED,POS_SYSTEM,2026-04-24 17:08:03.630390
EVT-1021,TXN-1021,6,CUST-353,52.09,CARD,SUCCESS,PAYMENT_SUCCESS,POS_SYSTEM,2026-04-24 23:07:03.630400
EVT-1022,TXN-1022,8,CUST-516,62.72,GIFT_CARD,SUCCESS,PAYMENT_SUCCESS,POS_SYSTEM,2026-04-23 21:04:03.630409
EVT-1023,TXN-1023,3,CUST-895,349.55,MOBILE_WALLET,SUCCESS,PAYMENT_SUCCESS,POS_SYSTEM,2026-04-24 06:49:03.630419
EVT-1024,TXN-1024,2,CUST-919,512.44,MOBILE_WALLET,FAILED,PAYMENT_FAILED,POS_SYSTEM,2026-04-25 05:06:03.630429
EVT-1025,TXN-1025,6,CUST-870,465.8,CASH,SUCCESS,PAYMENT_SUCCESS,POS_SYSTEM,2026-04-23 13:54:03.630438
EVT-1026,TXN-1026,6,CUST-227,122.53,CASH,SUCCESS,PAYMENT_SUCCESS,POS_SYSTEM,2026-04-22 03:57:03.630448
EVT-1027,TXN-1027,7,CUST-871,380.3,GIFT_CARD,SUCCESS,PAYMENT_SUCCESS,POS_SYSTEM,2026-04-25 00:20:03.630458
EVT-1028,TXN-1028,7,CUST-923,163.74,MOBILE_WALLET,SUCCESS,PAYMENT_SUCCESS,POS_SYSTEM,2026-04-23 14:11:03.630468
EVT-1029,TXN-1029,4,CUST-815,7.19,MOBILE_WALLET,FAILED,PAYMENT_FAILED,POS_SYSTEM,2026-04-23 23:13:03.630478
EVT-1030,TXN-1030,3,CUST-491,55.26,GIFT_CARD,SUCCESS,PAYMENT_SUCCESS,POS_SYSTEM,2026-04-23 07:02:03.630487
EVT-1031,TXN-1031,2,CUST-535,114.67,MOBILE_WALLET,FAILED,PAYMENT_FAILED,POS_SYSTEM,2026-04-22 15:14:03.630499
EVT-1032,TXN-1032,9,CUST-247,64.53,MOBILE_WALLET,SUCCESS,PAYMENT_SUCCESS,POS_SYSTEM,2026-04-22 14:19:03.630508
EVT-1033,TXN-1033,8,CUST-605,31.71,CARD,SUCCESS,PAYMENT_SUCCESS,POS_SYSTEM,2026-04-25 02:17:03.630528
EVT-1034,TXN-1034,9,CUST-231,186.49,CARD,SUCCESS,PAYMENT_SUCCESS,POS_SYSTEM,2026-04-22 08:34:03.630539
EVT-1035,TXN-1035,2,CUST-399,274.9,GIFT_CARD,FAILED,PAYMENT_FAILED,POS_SYSTEM,2026-04-25 08:26:03.630548
EVT-1036,TXN-1036,5,CUST-343,322.33,CARD,SUCCESS,PAYMENT_SUCCESS,POS_SYSTEM,2026-04-24 11:11:03.630558
EVT-1037,TXN-1037,4,CUST-842,291.76,GIFT_CARD,SUCCESS,PAYMENT_SUCCESS,POS_SYSTEM,2026-04-23 06:35:03.630567
EVT-1038,TXN-1038,6,CUST-513,86.36,CARD,SUCCESS,PAYMENT_SUCCESS,POS_SYSTEM,2026-04-22 12:10:03.630577
EVT-1039,TXN-1039,9,CUST-909,50.31,CARD,SUCCESS,PAYMENT_SUCCESS,POS_SYSTEM,2026-04-22 13:52:03.630586
EVT-1040,TXN-1040,10,CUST-869,40.99,GIFT_CARD,SUCCESS,PAYMENT_SUCCESS,POS_SYSTEM,2026-04-23 09:51:03.630595
EVT-1041,TXN-1041,7,CUST-273,144.94,CASH,SUCCESS,PAYMENT_SUCCESS,POS_SYSTEM,2026-04-25 08:00:03.630607
EVT-1042,TXN-1042,9,CUST-100,534.9,MOBILE_WALLET,FAILED,PAYMENT_FAILED,POS_SYSTEM,2026-04-23 01:29:03.630616
EVT-1043,TXN-1043,1,CUST-829,261.79,GIFT_CARD,SUCCESS,PAYMENT_SUCCESS,POS_SYSTEM,2026-04-24 21:38:03.630626
EVT-1044,TXN-1044,5,CUST-432,78.77,CARD,SUCCESS,PAYMENT_SUCCESS,POS_SYSTEM,2026-04-23 13:58:03.630638
EVT-1045,TXN-1045,4,CUST-681,336.89,CASH,SUCCESS,PAYMENT_SUCCESS,POS_SYSTEM,2026-04-25 01:44:03.630648
EVT-1046,TXN-1046,6,CUST-976,327.17,GIFT_CARD,SUCCESS,PAYMENT_SUCCESS,POS_SYSTEM,2026-04-25 06:57:03.630658
EVT-1047,TXN-1047,2,CUST-528,386.89,CARD,SUCCESS,PAYMENT_SUCCESS,POS_SYSTEM,2026-04-23 08:53:03.630667
EVT-1048,TXN-1048,2,CUST-589,463.74,GIFT_CARD,SUCCESS,PAYMENT_SUCCESS,POS_SYSTEM,2026-04-22 11:24:03.630677
EVT-1049,TXN-1049,6,CUST-540,119.9,CARD,SUCCESS,PAYMENT_SUCCESS,POS_SYSTEM,2026-04-24 10:01:03.630686
EVT-1050,TXN-1050,8,CUST-753,359.62,CASH,SUCCESS,PAYMENT_SUCCESS,POS_SYSTEM,2026-04-22 05:17:03.630695
EVT-1051,TXN-1051,10,CUST-764,295.68,MOBILE_WALLET,FAILED,PAYMENT_FAILED,POS_SYSTEM,2026-04-22 15:08:03.630704
EVT-1052,TXN-1052,4,CUST-408,39.54,CASH,SUCCESS,PAYMENT_SUCCESS,POS_SYSTEM,2026-04-23 13:42:03.630716
EVT-1053,TXN-1053,2,CUST-361,29.73,GIFT_CARD,SUCCESS,PAYMENT_SUCCESS,POS_SYSTEM,2026-04-23 18:35:03.630726
EVT-1054,TXN-1054,6,CUST-806,267.81,CARD,SUCCESS,PAYMENT_SUCCESS,POS_SYSTEM,2026-04-22 10:04:03.630736
EVT-1055,TXN-1055,4,CUST-332,536.18,CARD,SUCCESS,PAYMENT_SUCCESS,POS_SYSTEM,2026-04-22 19:01:03.630745
EVT-1056,TXN-1056,5,CUST-722,446.34,CASH,SUCCESS,PAYMENT_SUCCESS,POS_SYSTEM,2026-04-24 19:17:03.630756
EVT-1057,TXN-1057,5,CUST-395,297.84,MOBILE_WALLET,SUCCESS,PAYMENT_SUCCESS,POS_SYSTEM,2026-04-24 15:26:03.630766
EVT-1058,TXN-1058,9,CUST-393,169.89,GIFT_CARD,SUCCESS,PAYMENT_SUCCESS,POS_SYSTEM,2026-04-25 08:38:03.630776
EVT-1059,TXN-1059,2,CUST-131,208.32,CASH,SUCCESS,PAYMENT_SUCCESS,POS_SYSTEM,2026-04-23 17:37:03.630786
EVT-1060,TXN-1060,6,CUST-431,299.13,CARD,SUCCESS,PAYMENT_SUCCESS,POS_SYSTEM,2026-04-24 03:33:03.630795
EVT-1061,TXN-1061,3,CUST-358,175.13,CARD,SUCCESS,PAYMENT_SUCCESS,POS_SYSTEM,2026-04-24 10:34:03.630805
EVT-1062,TXN-1062,5,CUST-767,518.48,CASH,SUCCESS,PAYMENT_SUCCESS,POS_SYSTEM,2026-04-22 07:34:03.630816
EVT-1063,TXN-1063,4,CUST-831,181.62,MOBILE_WALLET,FAILED,PAYMENT_FAILED,POS_SYSTEM,2026-04-22 19:59:03.630825
EVT-1064,TXN-1064,10,CUST-279,359.05,CASH,SUCCESS,PAYMENT_SUCCESS,POS_SYSTEM,2026-04-25 07:47:03.630835
EVT-1065,TXN-1065,5,CUST-996,366.04,GIFT_CARD,SUCCESS,PAYMENT_SUCCESS,POS_SYSTEM,2026-04-22 10:19:03.630844
EVT-1066,TXN-1066,8,CUST-711,585.72,CASH,SUCCESS,PAYMENT_SUCCESS,POS_SYSTEM,2026-04-25 10:05:03.630854
EVT-1067,TXN-1067,10,CUST-356,374.5,CASH,SUCCESS,PAYMENT_SUCCESS,POS_SYSTEM,2026-04-25 07:43:03.630863
EVT-1068,TXN-1068,10,CUST-727,99.28,CARD,SUCCESS,PAYMENT_SUCCESS,POS_SYSTEM,2026-04-24 23:15:03.630872
EVT-1069,TXN-1069,10,CUST-262,361.39,CASH,SUCCESS,PAYMENT_SUCCESS,POS_SYSTEM,2026-04-22 13:15:03.630884
EVT-1070,TXN-1070,8,CUST-914,303.25,CARD,SUCCESS,PAYMENT_SUCCESS,POS_SYSTEM,2026-04-23 04:14:03.630894
EVT-1071,TXN-1071,8,CUST-619,420.05,MOBILE_WALLET,FAILED,PAYMENT_FAILED,POS_SYSTEM,2026-04-25 07:42:03.630903
EVT-1072,TXN-1072,6,CUST-930,357.41,CASH,SUCCESS,PAYMENT_SUCCESS,POS_SYSTEM,2026-04-25 03:21:03.630916
EVT-1073,TXN-1073,9,CUST-520,271.23,GIFT_CARD,SUCCESS,PAYMENT_SUCCESS,POS_SYSTEM,2026-04-23 10:44:03.630928
EVT-1074,TXN-1074,5,CUST-665,363.19,MOBILE_WALLET,SUCCESS,PAYMENT_SUCCESS,POS_SYSTEM,2026-04-23 14:28:03.630938
EVT-1075,TXN-1075,3,CUST-845,219.24,MOBILE_WALLET,SUCCESS,PAYMENT_SUCCESS,POS_SYSTEM,2026-04-25 02:02:03.630948
EVT-1076,TXN-1076,10,CUST-383,582.9,CASH,SUCCESS,PAYMENT_SUCCESS,POS_SYSTEM,2026-04-24 11:29:03.630958
EVT-1077,TXN-1077,2,CUST-870,210.71,GIFT_CARD,SUCCESS,PAYMENT_SUCCESS,POS_SYSTEM,2026-04-23 07:02:03.630967
EVT-1078,TXN-1078,3,CUST-732,256.26,MOBILE_WALLET,SUCCESS,PAYMENT_SUCCESS,POS_SYSTEM,2026-04-22 19:22:03.630977
EVT-1079,TXN-1079,2,CUST-896,268.85,CASH,SUCCESS,PAYMENT_SUCCESS,POS_SYSTEM,2026-04-25 02:11:03.630986
EVT-1080,TXN-1080,6,CUST-423,236.6,CASH,SUCCESS,PAYMENT_SUCCESS,POS_SYSTEM,2026-04-23 14:29:03.630996
EVT-1081,TXN-1081,3,CUST-427,181.38,GIFT_CARD,SUCCESS,PAYMENT_SUCCESS,POS_SYSTEM,2026-04-24 08:39:03.631006
EVT-1082,TXN-1082,7,CUST-942,570.72,CASH,SUCCESS,PAYMENT_SUCCESS,POS_SYSTEM,2026-04-23 13:04:03.631023
EVT-1083,TXN-1083,5,CUST-727,531.92,GIFT_CARD,SUCCESS,PAYMENT_SUCCESS,POS_SYSTEM,2026-04-23 08:04:03.631035
EVT-1084,TXN-1084,1,CUST-914,431.09,CASH,SUCCESS,PAYMENT_SUCCESS,POS_SYSTEM,2026-04-23 00:43:03.631044
EVT-1085,TXN-1085,7,CUST-462,522.56,CARD,FAILED,PAYMENT_FAILED,POS_SYSTEM,2026-04-25 00:26:03.631053
EVT-1086,TXN-1086,8,CUST-608,6.79,CASH,SUCCESS,PAYMENT_SUCCESS,POS_SYSTEM,2026-04-22 13:06:03.631063
EVT-1087,TXN-1087,10,CUST-951,155.53,GIFT_CARD,SUCCESS,PAYMENT_SUCCESS,POS_SYSTEM,2026-04-24 23:47:03.631072
EVT-1088,TXN-1088,10,CUST-154,401.96,GIFT_CARD,SUCCESS,PAYMENT_SUCCESS,POS_SYSTEM,2026-04-22 16:59:03.631082
EVT-1089,TXN-1089,2,CUST-937,351.31,CASH,FAILED,PAYMENT_FAILED,POS_SYSTEM,2026-04-24 23:09:03.631091
EVT-1090,TXN-1090,3,CUST-914,551.71,CARD,SUCCESS,PAYMENT_SUCCESS,POS_SYSTEM,2026-04-23 13:32:03.631101
EVT-1091,TXN-1091,9,CUST-116,421.71,CASH,SUCCESS,PAYMENT_SUCCESS,POS_SYSTEM,2026-04-22 17:27:03.631112
EVT-1092,TXN-1092,1,CUST-693,388.24,CASH,SUCCESS,PAYMENT_SUCCESS,POS_SYSTEM,2026-04-23 20:38:03.631122
EVT-1093,TXN-1093,7,CUST-755,381.75,GIFT_CARD,SUCCESS,PAYMENT_SUCCESS,POS_SYSTEM,2026-04-22 07:34:03.631131
EVT-1094,TXN-1094,2,CUST-861,414.98,CASH,SUCCESS,PAYMENT_SUCCESS,POS_SYSTEM,2026-04-22 21:54:03.631141
EVT-1095,TXN-1095,7,CUST-988,540.21,CARD,SUCCESS,PAYMENT_SUCCESS,POS_SYSTEM,2026-04-22 12:45:03.631150
EVT-1096,TXN-1096,5,CUST-645,570.0,MOBILE_WALLET,SUCCESS,PAYMENT_SUCCESS,POS_SYSTEM,2026-04-24 03:23:03.631160
EVT-1097,TXN-1097,8,CUST-188,154.02,MOBILE_WALLET,REFUNDED,REFUND_INITIATED,POS_SYSTEM,2026-04-23 04:13:03.631170
EVT-1098,TXN-1098,8,CUST-608,412.0,GIFT_CARD,SUCCESS,PAYMENT_SUCCESS,POS_SYSTEM,2026-04-23 05:17:03.631179
EVT-1099,TXN-1099,1,CUST-432,467.45,CASH,SUCCESS,PAYMENT_SUCCESS,POS_SYSTEM,2026-04-25 12:03:03.631191
EVT-1100,TXN-1100,4,CUST-239,411.94,MOBILE_WALLET,SUCCESS,PAYMENT_SUCCESS,POS_SYSTEM,2026-04-22 12:44:03.631202
EVT-1101,TXN-1101,7,CUST-667,336.91,GIFT_CARD,SUCCESS,PAYMENT_SUCCESS,POS_SYSTEM,2026-04-23 05:10:03.631211
EVT-1102,TXN-1102,6,CUST-898,457.98,CASH,SUCCESS,PAYMENT_SUCCESS,POS_SYSTEM,2026-04-22 01:52:03.631220
EVT-1103,TXN-1103,9,CUST-367,503.48,MOBILE_WALLET,SUCCESS,PAYMENT_SUCCESS,POS_SYSTEM,2026-04-23 14:04:03.631230
EVT-1104,TXN-1104,10,CUST-490,497.4,GIFT_CARD,SUCCESS,PAYMENT_SUCCESS,POS_SYSTEM,2026-04-25 09:33:03.631239
EVT-1105,TXN-1105,10,CUST-272,303.89,GIFT_CARD,SUCCESS,PAYMENT_SUCCESS,POS_SYSTEM,2026-04-24 22:59:03.631249
EVT-1106,TXN-1106,2,CUST-369,409.29,MOBILE_WALLET,SUCCESS,PAYMENT_SUCCESS,POS_SYSTEM,2026-04-24 20:57:03.631258
EVT-1107,TXN-1107,2,CUST-675,512.56,CARD,SUCCESS,PAYMENT_SUCCESS,POS_SYSTEM,2026-04-22 08:02:03.631267
EVT-1108,TXN-1108,7,CUST-115,120.63,CASH,SUCCESS,PAYMENT_SUCCESS,POS_SYSTEM,2026-04-24 01:17:03.631277
EVT-1109,TXN-1109,4,CUST-560,283.82,CASH,SUCCESS,PAYMENT_SUCCESS,POS_SYSTEM,2026-04-25 10:06:03.631286
EVT-1110,TXN-1110,3,CUST-338,460.81,CASH,SUCCESS,PAYMENT_SUCCESS,POS_SYSTEM,2026-04-22 01:22:03.631296
EVT-1111,TXN-1111,6,CUST-776,31.13,GIFT_CARD,SUCCESS,PAYMENT_SUCCESS,POS_SYSTEM,2026-04-22 10:08:03.631307
EVT-1112,TXN-1112,6,CUST-522,148.18,CASH,SUCCESS,PAYMENT_SUCCESS,POS_SYSTEM,2026-04-23 21:20:03.631320
EVT-1113,TXN-1113,6,CUST-503,253.0,CARD,REFUNDED,REFUND_INITIATED,POS_SYSTEM,2026-04-22 13:11:03.631330
EVT-1114,TXN-1114,5,CUST-992,319.55,CASH,SUCCESS,PAYMENT_SUCCESS,POS_SYSTEM,2026-04-24 21:12:03.631339
EVT-1115,TXN-1115,2,CUST-244,501.63,CARD,SUCCESS,PAYMENT_SUCCESS,POS_SYSTEM,2026-04-24 20:35:03.631350
EVT-1116,TXN-1116,6,CUST-653,312.97,CASH,SUCCESS,PAYMENT_SUCCESS,POS_SYSTEM,2026-04-22 09:12:03.631359
EVT-1117,TXN-1117,6,CUST-174,390.62,CARD,SUCCESS,PAYMENT_SUCCESS,POS_SYSTEM,2026-04-23 03:56:03.631369
EVT-1118,TXN-1118,6,CUST-816,218.62,GIFT_CARD,SUCCESS,PAYMENT_SUCCESS,POS_SYSTEM,2026-04-23 19:10:03.631378
EVT-1119,TXN-1119,9,CUST-111,372.6,CASH,SUCCESS,PAYMENT_SUCCESS,POS_SYSTEM,2026-04-24 17:57:03.631387
EVT-1120,TXN-1120,7,CUST-137,558.07,CARD,SUCCESS,PAYMENT_SUCCESS,POS_SYSTEM,2026-04-23 01:26:03.631398
EVT-1121,TXN-1121,10,CUST-718,443.56,CARD,SUCCESS,PAYMENT_SUCCESS,POS_SYSTEM,2026-04-23 02:44:03.631408
EVT-1122,TXN-1122,1,CUST-298,217.76,GIFT_CARD,SUCCESS,PAYMENT_SUCCESS,POS_SYSTEM,2026-04-23 00:03:03.631418
EVT-1123,TXN-1123,2,CUST-979,177.39,GIFT_CARD,SUCCESS,PAYMENT_SUCCESS,POS_SYSTEM,2026-04-22 16:43:03.631428
EVT-1124,TXN-1124,9,CUST-716,201.2,CARD,SUCCESS,PAYMENT_SUCCESS,POS_SYSTEM,2026-04-23 16:06:03.631437
EVT-1125,TXN-1125,2,CUST-383,501.12,CASH,SUCCESS,PAYMENT_SUCCESS,POS_SYSTEM,2026-04-22 07:18:03.631446
EVT-1126,TXN-1126,9,CUST-959,381.13,CARD,SUCCESS,PAYMENT_SUCCESS,POS_SYSTEM,2026-04-25 07:34:03.631456
EVT-1127,TXN-1127,3,CUST-403,49.51,CASH,SUCCESS,PAYMENT_SUCCESS,POS_SYSTEM,2026-04-23 04:15:03.631465
EVT-1128,TXN-1128,7,CUST-580,565.9,GIFT_CARD,SUCCESS,PAYMENT_SUCCESS,POS_SYSTEM,2026-04-23 13:38:03.631475
EVT-1129,TXN-1129,2,CUST-378,209.02,GIFT_CARD,REFUNDED,REFUND_INITIATED,POS_SYSTEM,2026-04-23 20:36:03.631484
EVT-1130,TXN-1130,2,CUST-823,23.8,MOBILE_WALLET,SUCCESS,PAYMENT_SUCCESS,POS_SYSTEM,2026-04-22 21:43:03.631496
EVT-1131,TXN-1131,7,CUST-211,207.78,CASH,SUCCESS,PAYMENT_SUCCESS,POS_SYSTEM,2026-04-24 09:42:03.631508
EVT-1132,TXN-1132,1,CUST-705,441.43,CASH,SUCCESS,PAYMENT_SUCCESS,POS_SYSTEM,2026-04-22 17:22:03.631518
EVT-1133,TXN-1133,9,CUST-121,85.76,CARD,SUCCESS,PAYMENT_SUCCESS,POS_SYSTEM,2026-04-22 14:53:03.631527
EVT-1134,TXN-1134,8,CUST-708,173.95,GIFT_CARD,SUCCESS,PAYMENT_SUCCESS,POS_SYSTEM,2026-04-22 13:56:03.631537
EVT-1135,TXN-1135,6,CUST-989,555.16,MOBILE_WALLET,SUCCESS,PAYMENT_SUCCESS,POS_SYSTEM,2026-04-23 16:09:03.631546
EVT-1136,TXN-1136,8,CUST-173,501.89,CASH,SUCCESS,PAYMENT_SUCCESS,POS_SYSTEM,2026-04-22 17:41:03.631555
EVT-1137,TXN-1137,10,CUST-261,413.55,GIFT_CARD,SUCCESS,PAYMENT_SUCCESS,POS_SYSTEM,2026-04-23 23:37:03.631564
EVT-1138,TXN-1138,9,CUST-353,189.3,GIFT_CARD,SUCCESS,PAYMENT_SUCCESS,POS_SYSTEM,2026-04-24 10:28:03.631573
EVT-1139,TXN-1139,3,CUST-901,342.05,GIFT_CARD,SUCCESS,PAYMENT_SUCCESS,POS_SYSTEM,2026-04-24 20:46:03.631582
EVT-1140,TXN-1140,2,CUST-247,570.76,GIFT_CARD,SUCCESS,PAYMENT_SUCCESS,POS_SYSTEM,2026-04-23 11:13:03.631591
EVT-1141,TXN-1141,7,CUST-979,465.57,MOBILE_WALLET,SUCCESS,PAYMENT_SUCCESS,POS_SYSTEM,2026-04-23 23:31:03.631601
EVT-1142,TXN-1142,9,CUST-752,425.0,MOBILE_WALLET,SUCCESS,PAYMENT_SUCCESS,POS_SYSTEM,2026-04-22 16:29:03.631610
EVT-1143,TXN-1143,3,CUST-541,497.96,CASH,SUCCESS,PAYMENT_SUCCESS,POS_SYSTEM,2026-04-23 03:14:03.631619
EVT-1144,TXN-1144,2,CUST-979,50.1,GIFT_CARD,SUCCESS,PAYMENT_SUCCESS,POS_SYSTEM,2026-04-25 03:36:03.631628
EVT-1145,TXN-1145,8,CUST-416,519.94,GIFT_CARD,SUCCESS,PAYMENT_SUCCESS,POS_SYSTEM,2026-04-23 10:17:03.631638
EVT-1146,TXN-1146,2,CUST-705,201.57,MOBILE_WALLET,SUCCESS,PAYMENT_SUCCESS,POS_SYSTEM,2026-04-24 19:50:03.631647
EVT-1147,TXN-1147,1,CUST-248,538.38,CASH,SUCCESS,PAYMENT_SUCCESS,POS_SYSTEM,2026-04-23 00:27:03.631659
EVT-1148,TXN-1148,8,CUST-794,246.05,MOBILE_WALLET,SUCCESS,PAYMENT_SUCCESS,POS_SYSTEM,2026-04-24 20:18:03.631668
EVT-1149,TXN-1149,5,CUST-309,73.62,CARD,SUCCESS,PAYMENT_SUCCESS,POS_SYSTEM,2026-04-22 07:18:03.631678
EVT-1150,TXN-1150,2,CUST-929,377.53,MOBILE_WALLET,FAILED,PAYMENT_FAILED,POS_SYSTEM,2026-04-24 05:42:03.631690
EVT-1151,TXN-1151,5,CUST-168,595.0,MOBILE_WALLET,SUCCESS,PAYMENT_SUCCESS,POS_SYSTEM,2026-04-23 14:35:03.631699
EVT-1152,TXN-1152,2,CUST-423,103.88,CARD,SUCCESS,PAYMENT_SUCCESS,POS_SYSTEM,2026-04-25 07:03:03.631779
EVT-1153,TXN-1153,1,CUST-428,356.5,CASH,SUCCESS,PAYMENT_SUCCESS,POS_SYSTEM,2026-04-24 13:04:03.631789
EVT-1154,TXN-1154,9,CUST-757,54.15,MOBILE_WALLET,SUCCESS,PAYMENT_SUCCESS,POS_SYSTEM,2026-04-23 00:48:03.631798
EVT-1155,TXN-1155,2,CUST-881,26.91,MOBILE_WALLET,SUCCESS,PAYMENT_SUCCESS,POS_SYSTEM,2026-04-22 10:31:03.631808
EVT-1156,TXN-1156,10,CUST-269,384.25,CARD,SUCCESS,PAYMENT_SUCCESS,POS_SYSTEM,2026-04-24 11:25:03.631817
EVT-1157,TXN-1157,3,CUST-944,486.56,CARD,SUCCESS,PAYMENT_SUCCESS,POS_SYSTEM,2026-04-22 05:19:03.631826
EVT-1158,TXN-1158,7,CUST-752,352.23,CARD,SUCCESS,PAYMENT_SUCCESS,POS_SYSTEM,2026-04-24 05:09:03.631835
EVT-1159,TXN-1159,1,CUST-418,437.51,MOBILE_WALLET,FAILED,PAYMENT_FAILED,POS_SYSTEM,2026-04-24 19:28:03.631845
EVT-1160,TXN-1160,10,CUST-280,201.42,GIFT_CARD,SUCCESS,PAYMENT_SUCCESS,POS_SYSTEM,2026-04-24 13:49:03.631854
EVT-1161,TXN-1161,7,CUST-660,308.49,CASH,SUCCESS,PAYMENT_SUCCESS,POS_SYSTEM,2026-04-25 10:43:03.631863
EVT-1162,TXN-1162,3,CUST-812,598.37,CASH,SUCCESS,PAYMENT_SUCCESS,POS_SYSTEM,2026-04-25 01:48:03.631873
EVT-1163,TXN-1163,10,CUST-699,143.7,CARD,SUCCESS,PAYMENT_SUCCESS,POS_SYSTEM,2026-04-22 05:47:03.631928
EVT-1164,TXN-1164,7,CUST-965,259.93,MOBILE_WALLET,SUCCESS,PAYMENT_SUCCESS,POS_SYSTEM,2026-04-25 04:54:03.631938
EVT-1165,TXN-1165,4,CUST-844,585.03,CARD,SUCCESS,PAYMENT_SUCCESS,POS_SYSTEM,2026-04-22 10:39:03.631948
EVT-1166,TXN-1166,4,CUST-592,202.7,CARD,SUCCESS,PAYMENT_SUCCESS,POS_SYSTEM,2026-04-22 19:52:03.631957
EVT-1167,TXN-1167,2,CUST-860,83.49,CARD,SUCCESS,PAYMENT_SUCCESS,POS_SYSTEM,2026-04-24 23:19:03.631966
EVT-1168,TXN-1168,8,CUST-676,199.53,MOBILE_WALLET,SUCCESS,PAYMENT_SUCCESS,POS_SYSTEM,2026-04-24 13:27:03.631975
EVT-1169,TXN-1169,2,CUST-167,168.12,GIFT_CARD,FAILED,PAYMENT_FAILED,POS_SYSTEM,2026-04-24 15:15:03.631987
EVT-1170,TXN-1170,4,CUST-555,381.5,CASH,SUCCESS,PAYMENT_SUCCESS,POS_SYSTEM,2026-04-24 16:46:03.631996
EVT-1171,TXN-1171,7,CUST-130,400.38,CASH,SUCCESS,PAYMENT_SUCCESS,POS_SYSTEM,2026-04-23 01:48:03.632006
EVT-1172,TXN-1172,1,CUST-569,472.11,GIFT_CARD,SUCCESS,PAYMENT_SUCCESS,POS_SYSTEM,2026-04-24 23:15:03.632015
EVT-1173,TXN-1173,3,CUST-612,367.19,GIFT_CARD,REFUNDED,REFUND_INITIATED,POS_SYSTEM,2026-04-22 05:59:03.632024
EVT-1174,TXN-1174,5,CUST-888,531.27,CARD,SUCCESS,PAYMENT_SUCCESS,POS_SYSTEM,2026-04-24 13:50:03.632034
EVT-1175,TXN-1175,3,CUST-602,34.84,CARD,FAILED,PAYMENT_FAILED,POS_SYSTEM,2026-04-25 02:53:03.632043
EVT-1176,TXN-1176,3,CUST-308,23.58,CASH,SUCCESS,PAYMENT_SUCCESS,POS_SYSTEM,2026-04-25 05:15:03.632053
EVT-1177,TXN-1177,8,CUST-149,262.94,CARD,SUCCESS,PAYMENT_SUCCESS,POS_SYSTEM,2026-04-24 09:05:03.632062
EVT-1178,TXN-1178,3,CUST-445,505.46,CASH,SUCCESS,PAYMENT_SUCCESS,POS_SYSTEM,2026-04-24 16:17:03.632071
EVT-1179,TXN-1179,2,CUST-133,116.52,MOBILE_WALLET,SUCCESS,PAYMENT_SUCCESS,POS_SYSTEM,2026-04-25 04:30:03.632083
EVT-1180,TXN-1180,10,CUST-495,467.21,CASH,SUCCESS,PAYMENT_SUCCESS,POS_SYSTEM,2026-04-23 12:25:03.632092
EVT-1181,TXN-1181,3,CUST-747,238.25,CASH,SUCCESS,PAYMENT_SUCCESS,POS_SYSTEM,2026-04-24 03:52:03.632102
EVT-1182,TXN-1182,4,CUST-298,578.47,MOBILE_WALLET,SUCCESS,PAYMENT_SUCCESS,POS_SYSTEM,2026-04-23 10:06:03.632112
EVT-1183,TXN-1183,10,CUST-713,172.2,CASH,SUCCESS,PAYMENT_SUCCESS,POS_SYSTEM,2026-04-23 09:48:03.632121
EVT-1184,TXN-1184,8,CUST-975,505.14,CARD,SUCCESS,PAYMENT_SUCCESS,POS_SYSTEM,2026-04-23 00:35:03.632130
EVT-1185,TXN-1185,3,CUST-255,214.74,MOBILE_WALLET,FAILED,PAYMENT_FAILED,POS_SYSTEM,2026-04-24 21:29:03.632140
EVT-1186,TXN-1186,5,CUST-444,306.27,MOBILE_WALLET,SUCCESS,PAYMENT_SUCCESS,POS_SYSTEM,2026-04-25 09:59:03.632149
EVT-1187,TXN-1187,3,CUST-505,39.71,CASH,SUCCESS,PAYMENT_SUCCESS,POS_SYSTEM,2026-04-23 19:22:03.632158
EVT-1188,TXN-1188,2,CUST-325,74.91,GIFT_CARD,SUCCESS,PAYMENT_SUCCESS,POS_SYSTEM,2026-04-24 21:26:03.632168
EVT-1189,TXN-1189,1,CUST-920,14.89,CARD,SUCCESS,PAYMENT_SUCCESS,POS_SYSTEM,2026-04-23 11:07:03.632184
EVT-1190,TXN-1190,4,CUST-487,378.97,CARD,SUCCESS,PAYMENT_SUCCESS,POS_SYSTEM,2026-04-24 22:07:03.632194
EVT-1191,TXN-1191,3,CUST-663,224.45,GIFT_CARD,SUCCESS,PAYMENT_SUCCESS,POS_SYSTEM,2026-04-24 23:01:03.632203
EVT-1192,TXN-1192,1,CUST-256,579.13,CASH,SUCCESS,PAYMENT_SUCCESS,POS_SYSTEM,2026-04-24 01:12:03.632212
EVT-1193,TXN-1193,4,CUST-551,119.98,CARD,SUCCESS,PAYMENT_SUCCESS,POS_SYSTEM,2026-04-25 10:33:03.632221
EVT-1194,TXN-1194,10,CUST-732,277.67,MOBILE_WALLET,SUCCESS,PAYMENT_SUCCESS,POS_SYSTEM,2026-04-22 08:37:03.632231
EVT-1195,TXN-1195,6,CUST-541,345.11,CASH,SUCCESS,PAYMENT_SUCCESS,POS_SYSTEM,2026-04-23 12:07:03.632242
EVT-1196,TXN-1196,8,CUST-256,435.83,CARD,SUCCESS,PAYMENT_SUCCESS,POS_SYSTEM,2026-04-25 00:22:03.632252
EVT-1197,TXN-1197,3,CUST-768,398.11,GIFT_CARD,SUCCESS,PAYMENT_SUCCESS,POS_SYSTEM,2026-04-23 19:05:03.632261
EVT-1198,TXN-1198,4,CUST-761,299.7,GIFT_CARD,FAILED,PAYMENT_FAILED,POS_SYSTEM,2026-04-22 13:48:03.632273
EVT-1199,TXN-1199,4,CUST-393,415.93,CASH,FAILED,PAYMENT_FAILED,POS_SYSTEM,2026-04-22 22:02:03.632283
EVT-1200,TXN-1200,1,CUST-913,529.59,MOBILE_WALLET,SUCCESS,PAYMENT_SUCCESS,POS_SYSTEM,2026-04-22 15:02:03.632293
EVT-1201,TXN-1201,6,CUST-295,315.35,MOBILE_WALLET,SUCCESS,PAYMENT_SUCCESS,POS_SYSTEM,2026-04-22 03:40:03.632302
EVT-1202,TXN-1202,1,CUST-219,29.22,MOBILE_WALLET,SUCCESS,PAYMENT_SUCCESS,POS_SYSTEM,2026-04-22 03:12:03.632313
EVT-1203,TXN-1203,5,CUST-563,251.9,GIFT_CARD,SUCCESS,PAYMENT_SUCCESS,POS_SYSTEM,2026-04-22 03:36:03.632322
EVT-1204,TXN-1204,6,CUST-230,162.48,CARD,SUCCESS,PAYMENT_SUCCESS,POS_SYSTEM,2026-04-23 03:02:03.632332
EVT-1205,TXN-1205,2,CUST-403,531.46,CASH,SUCCESS,PAYMENT_SUCCESS,POS_SYSTEM,2026-04-25 10:47:03.632341
EVT-1206,TXN-1206,2,CUST-186,270.41,MOBILE_WALLET,SUCCESS,PAYMENT_SUCCESS,POS_SYSTEM,2026-04-25 01:14:03.632351
EVT-1207,TXN-1207,10,CUST-355,192.14,GIFT_CARD,SUCCESS,PAYMENT_SUCCESS,POS_SYSTEM,2026-04-22 21:56:03.632420
EVT-1208,TXN-1208,4,CUST-676,113.44,CASH,SUCCESS,PAYMENT_SUCCESS,POS_SYSTEM,2026-04-24 13:53:03.632473
EVT-1209,TXN-1209,1,CUST-811,21.42,GIFT_CARD,SUCCESS,PAYMENT_SUCCESS,POS_SYSTEM,2026-04-24 10:02:03.632483
EVT-1210,TXN-1210,5,CUST-223,487.59,MOBILE_WALLET,SUCCESS,PAYMENT_SUCCESS,POS_SYSTEM,2026-04-23 06:04:03.632492
EVT-1211,TXN-1211,8,CUST-702,250.39,CARD,SUCCESS,PAYMENT_SUCCESS,POS_SYSTEM,2026-04-23 19:35:03.632504
EVT-1212,TXN-1212,3,CUST-447,101.75,CASH,SUCCESS,PAYMENT_SUCCESS,POS_SYSTEM,2026-04-23 08:22:03.632513
EVT-1213,TXN-1213,5,CUST-567,389.43,GIFT_CARD,SUCCESS,PAYMENT_SUCCESS,POS_SYSTEM,2026-04-22 12:48:03.632523
EVT-1214,TXN-1214,1,CUST-879,218.62,MOBILE_WALLET,FAILED,PAYMENT_FAILED,POS_SYSTEM,2026-04-24 22:08:03.632532
EVT-1215,TXN-1215,10,CUST-252,365.36,CASH,SUCCESS,PAYMENT_SUCCESS,POS_SYSTEM,2026-04-23 13:28:03.632541
EVT-1216,TXN-1216,5,CUST-262,549.52,CASH,SUCCESS,PAYMENT_SUCCESS,POS_SYSTEM,2026-04-23 00:23:03.632551
EVT-1217,TXN-1217,6,CUST-618,44.84,CARD,SUCCESS,PAYMENT_SUCCESS,POS_SYSTEM,2026-04-23 00:40:03.632560
EVT-1218,TXN-1218,9,CUST-253,300.19,CARD,SUCCESS,PAYMENT_SUCCESS,POS_SYSTEM,2026-04-24 03:40:03.632569
EVT-1219,TXN-1219,6,CUST-895,453.15,CARD,SUCCESS,PAYMENT_SUCCESS,POS_SYSTEM,2026-04-25 08:29:03.632578
EVT-1220,TXN-1220,10,CUST-617,595.96,CASH,SUCCESS,PAYMENT_SUCCESS,POS_SYSTEM,2026-04-23 14:21:03.632587
EVT-1221,TXN-1221,3,CUST-452,446.7,MOBILE_WALLET,SUCCESS,PAYMENT_SUCCESS,POS_SYSTEM,2026-04-22 04:18:03.632596
EVT-1222,TXN-1222,2,CUST-709,562.67,MOBILE_WALLET,SUCCESS,PAYMENT_SUCCESS,POS_SYSTEM,2026-04-24 17:40:03.632606
EVT-1223,TXN-1223,2,CUST-515,86.72,MOBILE_WALLET,SUCCESS,PAYMENT_SUCCESS,POS_SYSTEM,2026-04-24 20:06:03.632615
EVT-1224,TXN-1224,7,CUST-762,323.5,MOBILE_WALLET,SUCCESS,PAYMENT_SUCCESS,POS_SYSTEM,2026-04-24 14:30:03.632624
EVT-1225,TXN-1225,4,CUST-615,545.67,CASH,SUCCESS,PAYMENT_SUCCESS,POS_SYSTEM,2026-04-24 05:05:03.632633
EVT-1226,TXN-1226,8,CUST-309,585.84,CARD,SUCCESS,PAYMENT_SUCCESS,POS_SYSTEM,2026-04-25 01:45:03.632643
EVT-1227,TXN-1227,4,CUST-677,159.29,CASH,SUCCESS,PAYMENT_SUCCESS,POS_SYSTEM,2026-04-22 09:48:03.632655
EVT-1228,TXN-1228,1,CUST-230,34.68,CASH,SUCCESS,PAYMENT_SUCCESS,POS_SYSTEM,2026-04-24 01:59:03.632667
EVT-1229,TXN-1229,3,CUST-577,350.97,CASH,FAILED,PAYMENT_FAILED,POS_SYSTEM,2026-04-23 02:09:03.632677
EVT-1230,TXN-1230,9,CUST-953,253.09,CARD,SUCCESS,PAYMENT_SUCCESS,POS_SYSTEM,2026-04-22 16:20:03.632686
EVT-1231,TXN-1231,4,CUST-338,457.88,MOBILE_WALLET,SUCCESS,PAYMENT_SUCCESS,POS_SYSTEM,2026-04-23 00:31:03.632695
EVT-1232,TXN-1232,5,CUST-509,142.69,CASH,SUCCESS,PAYMENT_SUCCESS,POS_SYSTEM,2026-04-22 02:29:03.632704
EVT-1233,TXN-1233,3,CUST-561,355.04,CASH,REFUNDED,REFUND_INITIATED,POS_SYSTEM,2026-04-24 17:28:03.632714
EVT-1234,TXN-1234,4,CUST-618,478.18,CARD,FAILED,PAYMENT_FAILED,POS_SYSTEM,2026-04-24 20:36:03.632725
EVT-1235,TXN-1235,3,CUST-995,47.92,MOBILE_WALLET,FAILED,PAYMENT_FAILED,POS_SYSTEM,2026-04-22 19:46:03.632735
EVT-1236,TXN-1236,2,CUST-991,393.46,CARD,SUCCESS,PAYMENT_SUCCESS,POS_SYSTEM,2026-04-22 08:09:03.632745
EVT-1237,TXN-1237,1,CUST-749,194.87,CASH,SUCCESS,PAYMENT_SUCCESS,POS_SYSTEM,2026-04-24 12:00:03.632754
EVT-1238,TXN-1238,10,CUST-487,250.32,MOBILE_WALLET,SUCCESS,PAYMENT_SUCCESS,POS_SYSTEM,2026-04-24 22:05:03.632764
EVT-1239,TXN-1239,4,CUST-580,112.0,MOBILE_WALLET,SUCCESS,PAYMENT_SUCCESS,POS_SYSTEM,2026-04-24 06:40:03.632775
EVT-1240,TXN-1240,10,CUST-988,582.89,CASH,SUCCESS,PAYMENT_SUCCESS,POS_SYSTEM,2026-04-24 06:43:03.632786
EVT-1241,TXN-1241,9,CUST-421,165.18,GIFT_CARD,FAILED,PAYMENT_FAILED,POS_SYSTEM,2026-04-25 05:52:03.632796
EVT-1242,TXN-1242,7,CUST-153,132.62,MOBILE_WALLET,SUCCESS,PAYMENT_SUCCESS,POS_SYSTEM,2026-04-25 09:34:03.632805
EVT-1243,TXN-1243,10,CUST-108,244.47,GIFT_CARD,SUCCESS,PAYMENT_SUCCESS,POS_SYSTEM,2026-04-22 18:09:03.632816
EVT-1244,TXN-1244,4,CUST-356,303.28,CASH,FAILED,PAYMENT_FAILED,POS_SYSTEM,2026-04-22 18:12:03.632826
EVT-1245,TXN-1245,4,CUST-690,144.38,CASH,FAILED,PAYMENT_FAILED,POS_SYSTEM,2026-04-24 09:53:03.632836
EVT-1246,TXN-1246,6,CUST-387,392.8,MOBILE_WALLET,SUCCESS,PAYMENT_SUCCESS,POS_SYSTEM,2026-04-25 04:44:03.632846
EVT-1247,TXN-1247,4,CUST-150,141.19,GIFT_CARD,SUCCESS,PAYMENT_SUCCESS,POS_SYSTEM,2026-04-24 06:34:03.632857
EVT-1248,TXN-1248,4,CUST-410,280.82,CARD,SUCCESS,PAYMENT_SUCCESS,POS_SYSTEM,2026-04-24 09:08:03.632868
EVT-1249,TXN-1249,4,CUST-666,510.17,MOBILE_WALLET,FAILED,PAYMENT_FAILED,POS_SYSTEM,2026-04-24 10:44:03.632878
EVT-1250,TXN-1250,3,CUST-793,348.2,CARD,FAILED,PAYMENT_FAILED,POS_SYSTEM,2026-04-25 03:04:03.632887
EVT-1251,TXN-1251,1,CUST-765,198.92,MOBILE_WALLET,FAILED,PAYMENT_FAILED,POS_SYSTEM,2026-04-22 19:48:03.632897
EVT-1252,TXN-1252,7,CUST-969,447.04,GIFT_CARD,SUCCESS,PAYMENT_SUCCESS,POS_SYSTEM,2026-04-22 16:09:03.632907
EVT-1253,TXN-1253,10,CUST-682,371.1,CARD,FAILED,PAYMENT_FAILED,POS_SYSTEM,2026-04-22 17:09:03.632916
EVT-1254,TXN-1254,7,CUST-131,312.96,MOBILE_WALLET,SUCCESS,PAYMENT_SUCCESS,POS_SYSTEM,2026-04-24 10:48:03.632926
EVT-1255,TXN-1255,1,CUST-416,287.8,GIFT_CARD,SUCCESS,PAYMENT_SUCCESS,POS_SYSTEM,2026-04-22 18:50:03.632935
EVT-1256,TXN-1256,9,CUST-569,580.43,CARD,SUCCESS,PAYMENT_SUCCESS,POS_SYSTEM,2026-04-24 18:33:03.632945
EVT-1257,TXN-1257,3,CUST-574,20.93,GIFT_CARD,SUCCESS,PAYMENT_SUCCESS,POS_SYSTEM,2026-04-25 08:13:03.632955
EVT-1258,TXN-1258,3,CUST-370,205.22,CARD,SUCCESS,PAYMENT_SUCCESS,POS_SYSTEM,2026-04-24 21:47:03.632964
EVT-1259,TXN-1259,2,CUST-458,511.86,CASH,SUCCESS,PAYMENT_SUCCESS,POS_SYSTEM,2026-04-24 15:04:03.632976
EVT-1260,TXN-1260,4,CUST-328,588.99,CASH,FAILED,PAYMENT_FAILED,POS_SYSTEM,2026-04-23 17:52:03.632986
EVT-1261,TXN-1261,10,CUST-716,47.37,CASH,FAILED,PAYMENT_FAILED,POS_SYSTEM,2026-04-22 18:04:03.632995
EVT-1262,TXN-1262,1,CUST-594,575.59,CASH,SUCCESS,PAYMENT_SUCCESS,POS_SYSTEM,2026-04-24 21:02:03.633005
EVT-1263,TXN-1263,4,CUST-286,220.19,GIFT_CARD,SUCCESS,PAYMENT_SUCCESS,POS_SYSTEM,2026-04-24 19:32:03.633014
EVT-1264,TXN-1264,3,CUST-672,37.74,CARD,SUCCESS,PAYMENT_SUCCESS,POS_SYSTEM,2026-04-23 19:54:03.633028
EVT-1265,TXN-1265,5,CUST-904,66.8,CASH,SUCCESS,PAYMENT_SUCCESS,POS_SYSTEM,2026-04-24 18:07:03.633037
EVT-1266,TXN-1266,5,CUST-524,433.28,MOBILE_WALLET,SUCCESS,PAYMENT_SUCCESS,POS_SYSTEM,2026-04-22 08:56:03.633047
EVT-1267,TXN-1267,2,CUST-546,416.05,CASH,SUCCESS,PAYMENT_SUCCESS,POS_SYSTEM,2026-04-24 06:42:03.633086
EVT-1268,TXN-1268,5,CUST-987,532.14,GIFT_CARD,SUCCESS,PAYMENT_SUCCESS,POS_SYSTEM,2026-04-23 14:14:03.633107
EVT-1269,TXN-1269,5,CUST-908,514.86,MOBILE_WALLET,SUCCESS,PAYMENT_SUCCESS,POS_SYSTEM,2026-04-25 02:30:03.633123
EVT-1270,TXN-1270,2,CUST-455,286.82,MOBILE_WALLET,SUCCESS,PAYMENT_SUCCESS,POS_SYSTEM,2026-04-22 19:03:03.633139
EVT-1271,TXN-1271,3,CUST-411,117.0,CARD,SUCCESS,PAYMENT_SUCCESS,POS_SYSTEM,2026-04-25 05:16:03.633151
EVT-1272,TXN-1272,8,CUST-216,245.15,MOBILE_WALLET,SUCCESS,PAYMENT_SUCCESS,POS_SYSTEM,2026-04-23 19:23:03.633162
EVT-1273,TXN-1273,5,CUST-165,125.33,GIFT_CARD,SUCCESS,PAYMENT_SUCCESS,POS_SYSTEM,2026-04-24 02:30:03.633174
EVT-1274,TXN-1274,4,CUST-457,435.12,CARD,SUCCESS,PAYMENT_SUCCESS,POS_SYSTEM,2026-04-24 19:30:03.633187
EVT-1275,TXN-1275,3,CUST-135,387.17,CARD,SUCCESS,PAYMENT_SUCCESS,POS_SYSTEM,2026-04-23 22:47:03.633203
EVT-1276,TXN-1276,6,CUST-788,183.91,CASH,SUCCESS,PAYMENT_SUCCESS,POS_SYSTEM,2026-04-23 06:58:03.633212
EVT-1277,TXN-1277,6,CUST-368,457.24,MOBILE_WALLET,SUCCESS,PAYMENT_SUCCESS,POS_SYSTEM,2026-04-24 22:15:03.633221
EVT-1278,TXN-1278,10,CUST-311,210.8,MOBILE_WALLET,SUCCESS,PAYMENT_SUCCESS,POS_SYSTEM,2026-04-22 23:47:03.633231
EVT-1279,TXN-1279,7,CUST-693,229.7,GIFT_CARD,SUCCESS,PAYMENT_SUCCESS,POS_SYSTEM,2026-04-22 15:20:03.633241
EVT-1280,TXN-1280,2,CUST-116,455.13,CASH,SUCCESS,PAYMENT_SUCCESS,POS_SYSTEM,2026-04-22 02:39:03.633250
EVT-1281,TXN-1281,1,CUST-424,251.9,MOBILE_WALLET,FAILED,PAYMENT_FAILED,POS_SYSTEM,2026-04-25 01:42:03.633260
EVT-1282,TXN-1282,1,CUST-238,589.49,MOBILE_WALLET,SUCCESS,PAYMENT_SUCCESS,POS_SYSTEM,2026-04-22 18:13:03.633272
EVT-1283,TXN-1283,3,CUST-555,228.06,CARD,SUCCESS,PAYMENT_SUCCESS,POS_SYSTEM,2026-04-25 00:22:03.633281
EVT-1284,TXN-1284,6,CUST-822,349.96,GIFT_CARD,SUCCESS,PAYMENT_SUCCESS,POS_SYSTEM,2026-04-22 20:44:03.633291
EVT-1285,TXN-1285,3,CUST-966,145.91,CASH,FAILED,PAYMENT_FAILED,POS_SYSTEM,2026-04-22 13:04:03.633300
EVT-1286,TXN-1286,5,CUST-144,226.8,GIFT_CARD,SUCCESS,PAYMENT_SUCCESS,POS_SYSTEM,2026-04-22 12:52:03.633312
EVT-1287,TXN-1287,7,CUST-502,380.0,GIFT_CARD,SUCCESS,PAYMENT_SUCCESS,POS_SYSTEM,2026-04-24 00:10:03.633321
EVT-1288,TXN-1288,1,CUST-166,359.83,CASH,SUCCESS,PAYMENT_SUCCESS,POS_SYSTEM,2026-04-23 04:34:03.633331
EVT-1289,TXN-1289,1,CUST-951,550.15,MOBILE_WALLET,SUCCESS,PAYMENT_SUCCESS,POS_SYSTEM,2026-04-23 09:06:03.633341
EVT-1290,TXN-1290,7,CUST-483,68.22,CARD,SUCCESS,PAYMENT_SUCCESS,POS_SYSTEM,2026-04-22 12:52:03.633350
EVT-1291,TXN-1291,4,CUST-994,481.32,CASH,SUCCESS,PAYMENT_SUCCESS,POS_SYSTEM,2026-04-24 14:55:03.633362
EVT-1292,TXN-1292,9,CUST-704,368.58,CARD,FAILED,PAYMENT_FAILED,POS_SYSTEM,2026-04-23 04:55:03.633371
EVT-1293,TXN-1293,2,CUST-106,402.57,MOBILE_WALLET,SUCCESS,PAYMENT_SUCCESS,POS_SYSTEM,2026-04-22 19:06:03.633380
EVT-1294,TXN-1294,1,CUST-903,183.78,MOBILE_WALLET,SUCCESS,PAYMENT_SUCCESS,POS_SYSTEM,2026-04-24 06:08:03.633389
EVT-1295,TXN-1295,1,CUST-942,214.25,MOBILE_WALLET,SUCCESS,PAYMENT_SUCCESS,POS_SYSTEM,2026-04-22 10:57:03.633399
EVT-1296,TXN-1296,8,CUST-826,374.36,GIFT_CARD,SUCCESS,PAYMENT_SUCCESS,POS_SYSTEM,2026-04-23 11:45:03.633408
EVT-1297,TXN-1297,9,CUST-194,82.55,MOBILE_WALLET,SUCCESS,PAYMENT_SUCCESS,POS_SYSTEM,2026-04-22 03:58:03.633417
EVT-1298,TXN-1298,8,CUST-330,183.05,CARD,SUCCESS,PAYMENT_SUCCESS,POS_SYSTEM,2026-04-23 18:54:03.633426
EVT-1299,TXN-1299,9,CUST-620,48.1,CASH,SUCCESS,PAYMENT_SUCCESS,POS_SYSTEM,2026-04-24 02:43:03.633437
EVT-1300,TXN-1300,5,CUST-552,173.88,MOBILE_WALLET,SUCCESS,PAYMENT_SUCCESS,POS_SYSTEM,2026-04-24 23:17:03.633446
EVT-1301,TXN-1301,1,CUST-630,95.55,GIFT_CARD,SUCCESS,PAYMENT_SUCCESS,POS_SYSTEM,2026-04-25 10:57:03.633456
EVT-1302,TXN-1302,6,CUST-755,386.3,GIFT_CARD,SUCCESS,PAYMENT_SUCCESS,POS_SYSTEM,2026-04-24 18:35:03.633465
EVT-1303,TXN-1303,8,CUST-866,198.56,MOBILE_WALLET,SUCCESS,PAYMENT_SUCCESS,POS_SYSTEM,2026-04-22 02:21:03.633474
EVT-1304,TXN-1304,7,CUST-929,135.57,GIFT_CARD,SUCCESS,PAYMENT_SUCCESS,POS_SYSTEM,2026-04-24 21:14:03.633483
EVT-1305,TXN-1305,7,CUST-764,238.89,CARD,SUCCESS,PAYMENT_SUCCESS,POS_SYSTEM,2026-04-22 15:01:03.633493
EVT-1306,TXN-1306,4,CUST-297,267.59,MOBILE_WALLET,SUCCESS,PAYMENT_SUCCESS,POS_SYSTEM,2026-04-24 22:12:03.633506
EVT-1307,TXN-1307,8,CUST-221,233.71,CARD,SUCCESS,PAYMENT_SUCCESS,POS_SYSTEM,2026-04-24 09:15:03.633516
EVT-1308,TXN-1308,6,CUST-639,510.87,CARD,SUCCESS,PAYMENT_SUCCESS,POS_SYSTEM,2026-04-24 04:28:03.633526
EVT-1309,TXN-1309,9,CUST-693,188.88,CASH,SUCCESS,PAYMENT_SUCCESS,POS_SYSTEM,2026-04-23 02:39:03.633535
EVT-1310,TXN-1310,8,CUST-567,512.04,CASH,FAILED,PAYMENT_FAILED,POS_SYSTEM,2026-04-22 16:55:03.633546
EVT-1311,TXN-1311,1,CUST-968,229.1,MOBILE_WALLET,SUCCESS,PAYMENT_SUCCESS,POS_SYSTEM,2026-04-23 17:27:03.633555
EVT-1312,TXN-1312,1,CUST-303,557.69,CASH,SUCCESS,PAYMENT_SUCCESS,POS_SYSTEM,2026-04-23 06:47:03.633564
EVT-1313,TXN-1313,1,CUST-977,82.05,CASH,FAILED,PAYMENT_FAILED,POS_SYSTEM,2026-04-23 08:47:03.633573
EVT-1314,TXN-1314,10,CUST-551,396.93,CARD,SUCCESS,PAYMENT_SUCCESS,POS_SYSTEM,2026-04-23 15:41:03.633583
EVT-1315,TXN-1315,10,CUST-264,583.28,CARD,SUCCESS,PAYMENT_SUCCESS,POS_SYSTEM,2026-04-24 11:30:03.633593
EVT-1316,TXN-1316,9,CUST-639,212.91,GIFT_CARD,SUCCESS,PAYMENT_SUCCESS,POS_SYSTEM,2026-04-22 18:08:03.633601
EVT-1317,TXN-1317,4,CUST-776,510.68,MOBILE_WALLET,SUCCESS,PAYMENT_SUCCESS,POS_SYSTEM,2026-04-25 11:36:03.633610
EVT-1318,TXN-1318,5,CUST-610,395.25,CARD,SUCCESS,PAYMENT_SUCCESS,POS_SYSTEM,2026-04-24 09:29:03.633620
EVT-1319,TXN-1319,8,CUST-394,406.46,GIFT_CARD,SUCCESS,PAYMENT_SUCCESS,POS_SYSTEM,2026-04-24 06:14:03.633629
EVT-1320,TXN-1320,4,CUST-750,314.94,GIFT_CARD,SUCCESS,PAYMENT_SUCCESS,POS_SYSTEM,2026-04-25 09:13:03.633638
EVT-1321,TXN-1321,2,CUST-553,369.8,MOBILE_WALLET,SUCCESS,PAYMENT_SUCCESS,POS_SYSTEM,2026-04-22 20:01:03.633647
EVT-1322,TXN-1322,5,CUST-672,87.17,MOBILE_WALLET,SUCCESS,PAYMENT_SUCCESS,POS_SYSTEM,2026-04-22 17:14:03.633663
EVT-1323,TXN-1323,4,CUST-279,372.5,GIFT_CARD,SUCCESS,PAYMENT_SUCCESS,POS_SYSTEM,2026-04-25 12:07:03.633673
EVT-1324,TXN-1324,3,CUST-637,549.98,CARD,SUCCESS,PAYMENT_SUCCESS,POS_SYSTEM,2026-04-22 06:35:03.633682
EVT-1325,TXN-1325,8,CUST-126,92.07,MOBILE_WALLET,FAILED,PAYMENT_FAILED,POS_SYSTEM,2026-04-23 04:39:03.633694
EVT-1326,TXN-1326,2,CUST-666,456.01,CARD,SUCCESS,PAYMENT_SUCCESS,POS_SYSTEM,2026-04-24 11:11:03.633703
EVT-1327,TXN-1327,7,CUST-981,254.67,MOBILE_WALLET,SUCCESS,PAYMENT_SUCCESS,POS_SYSTEM,2026-04-22 18:07:03.633713
EVT-1328,TXN-1328,3,CUST-706,84.57,CASH,SUCCESS,PAYMENT_SUCCESS,POS_SYSTEM,2026-04-22 04:50:03.633722
EVT-1329,TXN-1329,1,CUST-275,545.07,CARD,SUCCESS,PAYMENT_SUCCESS,POS_SYSTEM,2026-04-23 10:44:03.633731
EVT-1330,TXN-1330,9,CUST-896,77.14,CASH,SUCCESS,PAYMENT_SUCCESS,POS_SYSTEM,2026-04-22 06:25:03.633741
EVT-1331,TXN-1331,10,CUST-742,121.71,MOBILE_WALLET,SUCCESS,PAYMENT_SUCCESS,POS_SYSTEM,2026-04-24 01:14:03.633750
EVT-1332,TXN-1332,6,CUST-325,131.75,MOBILE_WALLET,SUCCESS,PAYMENT_SUCCESS,POS_SYSTEM,2026-04-25 07:00:03.633759
EVT-1333,TXN-1333,7,CUST-907,593.48,MOBILE_WALLET,REFUNDED,REFUND_INITIATED,POS_SYSTEM,2026-04-25 09:33:03.633769
EVT-1334,TXN-1334,8,CUST-679,526.15,GIFT_CARD,SUCCESS,PAYMENT_SUCCESS,POS_SYSTEM,2026-04-22 06:32:03.633778
EVT-1335,TXN-1335,8,CUST-764,428.15,CASH,FAILED,PAYMENT_FAILED,POS_SYSTEM,2026-04-23 04:16:03.633787
EVT-1336,TXN-1336,1,CUST-425,101.63,GIFT_CARD,SUCCESS,PAYMENT_SUCCESS,POS_SYSTEM,2026-04-24 23:34:03.633797
EVT-1337,TXN-1337,7,CUST-986,302.38,GIFT_CARD,SUCCESS,PAYMENT_SUCCESS,POS_SYSTEM,2026-04-23 10:09:03.633806
EVT-1338,TXN-1338,1,CUST-103,400.7,MOBILE_WALLET,FAILED,PAYMENT_FAILED,POS_SYSTEM,2026-04-22 17:25:03.633818
EVT-1339,TXN-1339,9,CUST-130,320.99,GIFT_CARD,SUCCESS,PAYMENT_SUCCESS,POS_SYSTEM,2026-04-22 14:01:03.633827
EVT-1340,TXN-1340,6,CUST-521,160.35,CASH,SUCCESS,PAYMENT_SUCCESS,POS_SYSTEM,2026-04-24 13:21:03.633836
EVT-1341,TXN-1341,5,CUST-821,435.75,CASH,SUCCESS,PAYMENT_SUCCESS,POS_SYSTEM,2026-04-23 15:58:03.633846
EVT-1342,TXN-1342,5,CUST-806,324.12,GIFT_CARD,SUCCESS,PAYMENT_SUCCESS,POS_SYSTEM,2026-04-24 19:48:03.633856
EVT-1343,TXN-1343,5,CUST-311,262.09,GIFT_CARD,SUCCESS,PAYMENT_SUCCESS,POS_SYSTEM,2026-04-24 14:48:03.633865
EVT-1344,TXN-1344,2,CUST-668,296.26,GIFT_CARD,SUCCESS,PAYMENT_SUCCESS,POS_SYSTEM,2026-04-24 04:11:03.633874
EVT-1345,TXN-1345,7,CUST-707,143.48,GIFT_CARD,SUCCESS,PAYMENT_SUCCESS,POS_SYSTEM,2026-04-23 23:02:03.633886
EVT-1346,TXN-1346,8,CUST-811,315.77,CASH,SUCCESS,PAYMENT_SUCCESS,POS_SYSTEM,2026-04-22 13:34:03.633897
EVT-1347,TXN-1347,5,CUST-408,559.53,MOBILE_WALLET,SUCCESS,PAYMENT_SUCCESS,POS_SYSTEM,2026-04-24 20:11:03.633906
EVT-1348,TXN-1348,1,CUST-833,399.46,MOBILE_WALLET,FAILED,PAYMENT_FAILED,POS_SYSTEM,2026-04-23 04:39:03.633916
EVT-1349,TXN-1349,4,CUST-810,236.86,GIFT_CARD,SUCCESS,PAYMENT_SUCCESS,POS_SYSTEM,2026-04-25 08:00:03.633925
EVT-1350,TXN-1350,4,CUST-951,304.07,GIFT_CARD,SUCCESS,PAYMENT_SUCCESS,POS_SYSTEM,2026-04-23 14:37:03.633934
EVT-1351,TXN-1351,4,CUST-989,31.79,GIFT_CARD,SUCCESS,PAYMENT_SUCCESS,POS_SYSTEM,2026-04-23 03:43:03.633943
EVT-1352,TXN-1352,1,CUST-419,167.15,CARD,SUCCESS,PAYMENT_SUCCESS,POS_SYSTEM,2026-04-22 20:29:03.633952
EVT-1353,TXN-1353,4,CUST-632,518.65,GIFT_CARD,SUCCESS,PAYMENT_SUCCESS,POS_SYSTEM,2026-04-23 21:09:03.633962
EVT-1354,TXN-1354,3,CUST-666,180.84,CASH,SUCCESS,PAYMENT_SUCCESS,POS_SYSTEM,2026-04-22 13:50:03.633975
EVT-1355,TXN-1355,9,CUST-218,47.39,MOBILE_WALLET,SUCCESS,PAYMENT_SUCCESS,POS_SYSTEM,2026-04-24 18:16:03.633984
EVT-1356,TXN-1356,4,CUST-455,229.09,CASH,SUCCESS,PAYMENT_SUCCESS,POS_SYSTEM,2026-04-25 09:41:03.633993
EVT-1357,TXN-1357,10,CUST-832,70.02,CASH,SUCCESS,PAYMENT_SUCCESS,POS_SYSTEM,2026-04-24 03:47:03.634003
EVT-1358,TXN-1358,1,CUST-931,256.65,MOBILE_WALLET,SUCCESS,PAYMENT_SUCCESS,POS_SYSTEM,2026-04-22 19:08:03.634012
EVT-1359,TXN-1359,5,CUST-184,322.77,CASH,REFUNDED,REFUND_INITIATED,POS_SYSTEM,2026-04-25 02:37:03.634021
EVT-1360,TXN-1360,8,CUST-120,250.16,MOBILE_WALLET,SUCCESS,PAYMENT_SUCCESS,POS_SYSTEM,2026-04-25 07:47:03.634031
EVT-1361,TXN-1361,1,CUST-773,182.26,MOBILE_WALLET,SUCCESS,PAYMENT_SUCCESS,POS_SYSTEM,2026-04-22 23:49:03.634040
EVT-1362,TXN-1362,6,CUST-540,249.62,GIFT_CARD,FAILED,PAYMENT_FAILED,POS_SYSTEM,2026-04-24 11:32:03.634050
EVT-1363,TXN-1363,2,CUST-848,222.74,CASH,SUCCESS,PAYMENT_SUCCESS,POS_SYSTEM,2026-04-24 22:56:03.634059
EVT-1364,TXN-1364,9,CUST-559,384.42,CASH,SUCCESS,PAYMENT_SUCCESS,POS_SYSTEM,2026-04-24 20:50:03.634071
EVT-1365,TXN-1365,8,CUST-936,373.73,GIFT_CARD,SUCCESS,PAYMENT_SUCCESS,POS_SYSTEM,2026-04-23 00:12:03.634080
EVT-1366,TXN-1366,1,CUST-498,434.9,GIFT_CARD,FAILED,PAYMENT_FAILED,POS_SYSTEM,2026-04-24 15:33:03.634090
EVT-1367,TXN-1367,8,CUST-992,290.65,GIFT_CARD,SUCCESS,PAYMENT_SUCCESS,POS_SYSTEM,2026-04-23 11:12:03.634104
EVT-1368,TXN-1368,8,CUST-433,224.71,CASH,SUCCESS,PAYMENT_SUCCESS,POS_SYSTEM,2026-04-24 22:31:03.634114
EVT-1369,TXN-1369,1,CUST-284,99.75,CASH,FAILED,PAYMENT_FAILED,POS_SYSTEM,2026-04-25 02:56:03.634124
EVT-1370,TXN-1370,7,CUST-833,78.85,MOBILE_WALLET,SUCCESS,PAYMENT_SUCCESS,POS_SYSTEM,2026-04-24 22:42:03.634136
EVT-1371,TXN-1371,10,CUST-389,585.28,CASH,SUCCESS,PAYMENT_SUCCESS,POS_SYSTEM,2026-04-25 08:40:03.634145
EVT-1372,TXN-1372,1,CUST-439,396.75,CASH,REFUNDED,REFUND_INITIATED,POS_SYSTEM,2026-04-23 01:23:03.634154
EVT-1373,TXN-1373,9,CUST-196,171.61,CASH,SUCCESS,PAYMENT_SUCCESS,POS_SYSTEM,2026-04-24 04:59:03.634164
EVT-1374,TXN-1374,3,CUST-610,233.6,CARD,SUCCESS,PAYMENT_SUCCESS,POS_SYSTEM,2026-04-22 11:15:03.634173
EVT-1375,TXN-1375,10,CUST-981,183.27,GIFT_CARD,SUCCESS,PAYMENT_SUCCESS,POS_SYSTEM,2026-04-22 04:14:03.634182
EVT-1376,TXN-1376,7,CUST-439,436.97,GIFT_CARD,SUCCESS,PAYMENT_SUCCESS,POS_SYSTEM,2026-04-24 17:10:03.634191
EVT-1377,TXN-1377,10,CUST-830,27.1,MOBILE_WALLET,SUCCESS,PAYMENT_SUCCESS,POS_SYSTEM,2026-04-25 07:06:03.634200
EVT-1378,TXN-1378,2,CUST-259,561.74,CASH,SUCCESS,PAYMENT_SUCCESS,POS_SYSTEM,2026-04-23 06:29:03.634210
EVT-1379,TXN-1379,9,CUST-242,244.07,MOBILE_WALLET,SUCCESS,PAYMENT_SUCCESS,POS_SYSTEM,2026-04-24 04:44:03.634219
EVT-1380,TXN-1380,7,CUST-455,34.23,CASH,SUCCESS,PAYMENT_SUCCESS,POS_SYSTEM,2026-04-25 02:44:03.634229
EVT-1381,TXN-1381,7,CUST-602,464.65,CARD,SUCCESS,PAYMENT_SUCCESS,POS_SYSTEM,2026-04-23 11:53:03.634239
EVT-1382,TXN-1382,8,CUST-361,73.8,CARD,FAILED,PAYMENT_FAILED,POS_SYSTEM,2026-04-25 10:59:03.634249
EVT-1383,TXN-1383,3,CUST-487,599.17,GIFT_CARD,SUCCESS,PAYMENT_SUCCESS,POS_SYSTEM,2026-04-24 05:23:03.634258
EVT-1384,TXN-1384,8,CUST-488,19.69,GIFT_CARD,SUCCESS,PAYMENT_SUCCESS,POS_SYSTEM,2026-04-24 17:01:03.634270
EVT-1385,TXN-1385,2,CUST-647,93.81,GIFT_CARD,SUCCESS,PAYMENT_SUCCESS,POS_SYSTEM,2026-04-24 23:47:03.634279
EVT-1386,TXN-1386,2,CUST-365,285.6,GIFT_CARD,SUCCESS,PAYMENT_SUCCESS,POS_SYSTEM,2026-04-25 01:36:03.634291
EVT-1387,TXN-1387,10,CUST-487,24.46,CARD,SUCCESS,PAYMENT_SUCCESS,POS_SYSTEM,2026-04-24 17:39:03.634300
EVT-1388,TXN-1388,3,CUST-898,544.1,MOBILE_WALLET,SUCCESS,PAYMENT_SUCCESS,POS_SYSTEM,2026-04-25 11:59:03.634310
EVT-1389,TXN-1389,8,CUST-461,590.59,CASH,SUCCESS,PAYMENT_SUCCESS,POS_SYSTEM,2026-04-24 04:35:03.634319
EVT-1390,TXN-1390,6,CUST-697,523.34,CARD,SUCCESS,PAYMENT_SUCCESS,POS_SYSTEM,2026-04-24 17:55:03.634328
EVT-1391,TXN-1391,10,CUST-625,107.68,MOBILE_WALLET,SUCCESS,PAYMENT_SUCCESS,POS_SYSTEM,2026-04-24 06:16:03.634337
EVT-1392,TXN-1392,5,CUST-556,490.5,CASH,SUCCESS,PAYMENT_SUCCESS,POS_SYSTEM,2026-04-23 15:41:03.634347
EVT-1393,TXN-1393,6,CUST-715,564.9,MOBILE_WALLET,SUCCESS,PAYMENT_SUCCESS,POS_SYSTEM,2026-04-24 21:16:03.634357
EVT-1394,TXN-1394,5,CUST-447,433.7,GIFT_CARD,FAILED,PAYMENT_FAILED,POS_SYSTEM,2026-04-23 03:42:03.634366
EVT-1395,TXN-1395,5,CUST-797,421.81,MOBILE_WALLET,FAILED,PAYMENT_FAILED,POS_SYSTEM,2026-04-22 20:31:03.634375
EVT-1396,TXN-1396,8,CUST-755,421.11,MOBILE_WALLET,SUCCESS,PAYMENT_SUCCESS,POS_SYSTEM,2026-04-25 07:04:03.634385
EVT-1397,TXN-1397,6,CUST-900,482.87,CASH,SUCCESS,PAYMENT_SUCCESS,POS_SYSTEM,2026-04-23 05:42:03.634394
EVT-1398,TXN-1398,8,CUST-540,81.16,CASH,FAILED,PAYMENT_FAILED,POS_SYSTEM,2026-04-24 20:34:03.634404
EVT-1399,TXN-1399,1,CUST-292,406.58,GIFT_CARD,SUCCESS,PAYMENT_SUCCESS,POS_SYSTEM,2026-04-24 20:43:03.634414
EVT-1400,TXN-1400,2,CUST-416,337.21,GIFT_CARD,FAILED,PAYMENT_FAILED,POS_SYSTEM,2026-04-22 08:16:03.634423
EVT-1401,TXN-1401,8,CUST-535,265.71,GIFT_CARD,SUCCESS,PAYMENT_SUCCESS,POS_SYSTEM,2026-04-23 23:10:03.634432
EVT-1402,TXN-1402,1,CUST-806,563.01,CARD,SUCCESS,PAYMENT_SUCCESS,POS_SYSTEM,2026-04-23 09:43:03.634446
EVT-1403,TXN-1403,10,CUST-320,177.65,GIFT_CARD,FAILED,PAYMENT_FAILED,POS_SYSTEM,2026-04-25 00:15:03.634458
EVT-1404,TXN-1404,7,CUST-793,503.52,GIFT_CARD,SUCCESS,PAYMENT_SUCCESS,POS_SYSTEM,2026-04-24 07:10:03.634467
EVT-1405,TXN-1405,4,CUST-468,440.69,MOBILE_WALLET,SUCCESS,PAYMENT_SUCCESS,POS_SYSTEM,2026-04-22 22:37:03.634476
EVT-1406,TXN-1406,4,CUST-482,33.91,GIFT_CARD,FAILED,PAYMENT_FAILED,POS_SYSTEM,2026-04-22 22:54:03.634486
EVT-1407,TXN-1407,1,CUST-824,147.96,CARD,SUCCESS,PAYMENT_SUCCESS,POS_SYSTEM,2026-04-24 06:49:03.634495
EVT-1408,TXN-1408,10,CUST-444,231.88,CARD,SUCCESS,PAYMENT_SUCCESS,POS_SYSTEM,2026-04-22 12:52:03.634504
EVT-1409,TXN-1409,3,CUST-919,319.32,CASH,SUCCESS,PAYMENT_SUCCESS,POS_SYSTEM,2026-04-22 04:38:03.634513
EVT-1410,TXN-1410,4,CUST-864,302.45,MOBILE_WALLET,FAILED,PAYMENT_FAILED,POS_SYSTEM,2026-04-22 09:07:03.634523
EVT-1411,TXN-1411,6,CUST-504,479.45,CASH,SUCCESS,PAYMENT_SUCCESS,POS_SYSTEM,2026-04-25 07:55:03.634532
EVT-1412,TXN-1412,6,CUST-759,38.19,CASH,SUCCESS,PAYMENT_SUCCESS,POS_SYSTEM,2026-04-23 19:29:03.634541
EVT-1413,TXN-1413,9,CUST-441,462.27,CASH,SUCCESS,PAYMENT_SUCCESS,POS_SYSTEM,2026-04-24 06:56:03.634550
EVT-1414,TXN-1414,6,CUST-950,420.35,GIFT_CARD,SUCCESS,PAYMENT_SUCCESS,POS_SYSTEM,2026-04-24 23:46:03.634560
EVT-1415,TXN-1415,5,CUST-567,309.55,CASH,SUCCESS,PAYMENT_SUCCESS,POS_SYSTEM,2026-04-23 06:32:03.634569
EVT-1416,TXN-1416,5,CUST-817,230.57,GIFT_CARD,SUCCESS,PAYMENT_SUCCESS,POS_SYSTEM,2026-04-22 20:48:03.634579
EVT-1417,TXN-1417,8,CUST-603,31.48,CASH,SUCCESS,PAYMENT_SUCCESS,POS_SYSTEM,2026-04-23 22:23:03.634588
EVT-1418,TXN-1418,7,CUST-744,70.11,CARD,SUCCESS,PAYMENT_SUCCESS,POS_SYSTEM,2026-04-23 05:48:03.634600
EVT-1419,TXN-1419,1,CUST-999,427.26,CARD,SUCCESS,PAYMENT_SUCCESS,POS_SYSTEM,2026-04-22 16:18:03.634610
EVT-1420,TXN-1420,4,CUST-601,51.41,CARD,SUCCESS,PAYMENT_SUCCESS,POS_SYSTEM,2026-04-24 14:43:03.634619
EVT-1421,TXN-1421,1,CUST-348,355.76,CARD,SUCCESS,PAYMENT_SUCCESS,POS_SYSTEM,2026-04-25 01:42:03.634629
EVT-1422,TXN-1422,8,CUST-973,240.8,CASH,SUCCESS,PAYMENT_SUCCESS,POS_SYSTEM,2026-04-24 14:04:03.634638
EVT-1423,TXN-1423,5,CUST-633,317.67,CARD,SUCCESS,PAYMENT_SUCCESS,POS_SYSTEM,2026-04-23 19:32:03.634650
EVT-1424,TXN-1424,1,CUST-232,188.82,CASH,SUCCESS,PAYMENT_SUCCESS,POS_SYSTEM,2026-04-25 07:30:03.634660
EVT-1425,TXN-1425,6,CUST-601,553.34,CASH,SUCCESS,PAYMENT_SUCCESS,POS_SYSTEM,2026-04-23 22:49:03.634669
EVT-1426,TXN-1426,1,CUST-674,234.39,CARD,SUCCESS,PAYMENT_SUCCESS,POS_SYSTEM,2026-04-22 21:33:03.634678
EVT-1427,TXN-1427,10,CUST-989,387.34,MOBILE_WALLET,SUCCESS,PAYMENT_SUCCESS,POS_SYSTEM,2026-04-22 18:31:03.634688
EVT-1428,TXN-1428,3,CUST-667,142.29,GIFT_CARD,SUCCESS,PAYMENT_SUCCESS,POS_SYSTEM,2026-04-22 01:58:03.634697
EVT-1429,TXN-1429,8,CUST-927,75.45,CASH,SUCCESS,PAYMENT_SUCCESS,POS_SYSTEM,2026-04-24 03:52:03.634706
EVT-1430,TXN-1430,7,CUST-300,465.05,CASH,SUCCESS,PAYMENT_SUCCESS,POS_SYSTEM,2026-04-24 19:42:03.634716
EVT-1431,TXN-1431,2,CUST-281,496.19,CARD,SUCCESS,PAYMENT_SUCCESS,POS_SYSTEM,2026-04-24 01:48:03.634725
EVT-1432,TXN-1432,5,CUST-408,485.37,MOBILE_WALLET,SUCCESS,PAYMENT_SUCCESS,POS_SYSTEM,2026-04-23 21:28:03.634734
EVT-1433,TXN-1433,7,CUST-590,149.63,CARD,SUCCESS,PAYMENT_SUCCESS,POS_SYSTEM,2026-04-24 06:34:03.634743
EVT-1434,TXN-1434,1,CUST-157,488.1,CARD,SUCCESS,PAYMENT_SUCCESS,POS_SYSTEM,2026-04-22 15:27:03.634755
EVT-1435,TXN-1435,9,CUST-256,25.81,CASH,SUCCESS,PAYMENT_SUCCESS,POS_SYSTEM,2026-04-24 17:50:03.634765
EVT-1436,TXN-1436,4,CUST-600,430.31,CASH,SUCCESS,PAYMENT_SUCCESS,POS_SYSTEM,2026-04-25 03:02:03.634774
EVT-1437,TXN-1437,10,CUST-872,519.8,MOBILE_WALLET,SUCCESS,PAYMENT_SUCCESS,POS_SYSTEM,2026-04-23 09:29:03.634784
EVT-1438,TXN-1438,10,CUST-753,61.29,CASH,SUCCESS,PAYMENT_SUCCESS,POS_SYSTEM,2026-04-23 21:08:03.634793
EVT-1439,TXN-1439,1,CUST-681,321.85,CASH,SUCCESS,PAYMENT_SUCCESS,POS_SYSTEM,2026-04-24 01:58:03.634802
EVT-1440,TXN-1440,6,CUST-878,322.45,CARD,SUCCESS,PAYMENT_SUCCESS,POS_SYSTEM,2026-04-23 13:03:03.634812
EVT-1441,TXN-1441,5,CUST-419,476.27,MOBILE_WALLET,SUCCESS,PAYMENT_SUCCESS,POS_SYSTEM,2026-04-22 03:42:03.634821
EVT-1442,TXN-1442,6,CUST-617,306.99,GIFT_CARD,SUCCESS,PAYMENT_SUCCESS,POS_SYSTEM,2026-04-23 15:22:03.634833
EVT-1443,TXN-1443,1,CUST-912,102.52,CARD,SUCCESS,PAYMENT_SUCCESS,POS_SYSTEM,2026-04-24 14:40:03.634842
EVT-1444,TXN-1444,3,CUST-294,588.71,CARD,SUCCESS,PAYMENT_SUCCESS,POS_SYSTEM,2026-04-22 14:10:03.634851
EVT-1445,TXN-1445,5,CUST-689,373.13,GIFT_CARD,SUCCESS,PAYMENT_SUCCESS,POS_SYSTEM,2026-04-25 03:55:03.634860
EVT-1446,TXN-1446,2,CUST-848,358.5,CASH,SUCCESS,PAYMENT_SUCCESS,POS_SYSTEM,2026-04-23 19:14:03.634870
EVT-1447,TXN-1447,4,CUST-500,258.93,MOBILE_WALLET,FAILED,PAYMENT_FAILED,POS_SYSTEM,2026-04-22 04:35:03.634880
EVT-1448,TXN-1448,10,CUST-892,531.75,GIFT_CARD,SUCCESS,PAYMENT_SUCCESS,POS_SYSTEM,2026-04-24 19:04:03.634891
EVT-1449,TXN-1449,3,CUST-414,287.06,GIFT_CARD,FAILED,PAYMENT_FAILED,POS_SYSTEM,2026-04-24 06:28:03.634901
EVT-1450,TXN-1450,5,CUST-330,487.72,MOBILE_WALLET,SUCCESS,PAYMENT_SUCCESS,POS_SYSTEM,2026-04-23 18:34:03.634913
EVT-1451,TXN-1451,2,CUST-528,229.4,MOBILE_WALLET,SUCCESS,PAYMENT_SUCCESS,POS_SYSTEM,2026-04-24 10:35:03.634922
EVT-1452,TXN-1452,10,CUST-332,366.59,CASH,SUCCESS,PAYMENT_SUCCESS,POS_SYSTEM,2026-04-23 16:46:03.634934
EVT-1453,TXN-1453,9,CUST-638,372.47,CASH,FAILED,PAYMENT_FAILED,POS_SYSTEM,2026-04-24 19:02:03.634943
EVT-1454,TXN-1454,3,CUST-514,253.1,CARD,SUCCESS,PAYMENT_SUCCESS,POS_SYSTEM,2026-04-23 18:41:03.634952
EVT-1455,TXN-1455,7,CUST-998,154.53,CARD,SUCCESS,PAYMENT_SUCCESS,POS_SYSTEM,2026-04-25 03:24:03.634961
EVT-1456,TXN-1456,6,CUST-338,324.47,CARD,SUCCESS,PAYMENT_SUCCESS,POS_SYSTEM,2026-04-22 18:08:03.634970
EVT-1457,TXN-1457,1,CUST-531,598.89,GIFT_CARD,SUCCESS,PAYMENT_SUCCESS,POS_SYSTEM,2026-04-24 07:06:03.634979
EVT-1458,TXN-1458,2,CUST-714,156.5,CARD,SUCCESS,PAYMENT_SUCCESS,POS_SYSTEM,2026-04-24 05:55:03.634991
EVT-1459,TXN-1459,9,CUST-280,89.18,GIFT_CARD,SUCCESS,PAYMENT_SUCCESS,POS_SYSTEM,2026-04-23 22:04:03.635000
EVT-1460,TXN-1460,3,CUST-346,256.01,CASH,SUCCESS,PAYMENT_SUCCESS,POS_SYSTEM,2026-04-25 03:12:03.635009
EVT-1461,TXN-1461,3,CUST-888,566.44,CASH,SUCCESS,PAYMENT_SUCCESS,POS_SYSTEM,2026-04-23 19:23:03.635018
EVT-1462,TXN-1462,7,CUST-558,432.26,CASH,SUCCESS,PAYMENT_SUCCESS,POS_SYSTEM,2026-04-23 08:23:03.635035
EVT-1463,TXN-1463,1,CUST-842,282.54,MOBILE_WALLET,SUCCESS,PAYMENT_SUCCESS,POS_SYSTEM,2026-04-23 07:52:03.635044
EVT-1464,TXN-1464,2,CUST-402,111.5,CARD,SUCCESS,PAYMENT_SUCCESS,POS_SYSTEM,2026-04-23 08:40:03.635054
EVT-1465,TXN-1465,10,CUST-530,331.03,CASH,FAILED,PAYMENT_FAILED,POS_SYSTEM,2026-04-23 13:20:03.635064
EVT-1466,TXN-1466,9,CUST-377,363.87,CARD,SUCCESS,PAYMENT_SUCCESS,POS_SYSTEM,2026-04-24 17:00:03.635075
EVT-1467,TXN-1467,6,CUST-735,338.17,MOBILE_WALLET,SUCCESS,PAYMENT_SUCCESS,POS_SYSTEM,2026-04-24 12:14:03.635085
EVT-1468,TXN-1468,1,CUST-856,202.58,GIFT_CARD,SUCCESS,PAYMENT_SUCCESS,POS_SYSTEM,2026-04-22 16:26:03.635094
EVT-1469,TXN-1469,6,CUST-315,595.21,GIFT_CARD,SUCCESS,PAYMENT_SUCCESS,POS_SYSTEM,2026-04-25 09:56:03.635103
EVT-1470,TXN-1470,5,CUST-541,427.14,GIFT_CARD,SUCCESS,PAYMENT_SUCCESS,POS_SYSTEM,2026-04-23 04:29:03.635113
EVT-1471,TXN-1471,4,CUST-677,75.85,CASH,SUCCESS,PAYMENT_SUCCESS,POS_SYSTEM,2026-04-24 17:43:03.635122
EVT-1472,TXN-1472,5,CUST-635,179.24,CASH,SUCCESS,PAYMENT_SUCCESS,POS_SYSTEM,2026-04-22 22:00:03.635131
EVT-1473,TXN-1473,7,CUST-615,184.73,MOBILE_WALLET,SUCCESS,PAYMENT_SUCCESS,POS_SYSTEM,2026-04-25 05:24:03.635141
EVT-1474,TXN-1474,2,CUST-693,282.17,MOBILE_WALLET,SUCCESS,PAYMENT_SUCCESS,POS_SYSTEM,2026-04-22 03:49:03.635150
EVT-1475,TXN-1475,9,CUST-568,409.57,CARD,SUCCESS,PAYMENT_SUCCESS,POS_SYSTEM,2026-04-22 04:57:03.635159
EVT-1476,TXN-1476,2,CUST-129,592.07,CARD,REFUNDED,REFUND_INITIATED,POS_SYSTEM,2026-04-25 04:58:03.635168
EVT-1477,TXN-1477,10,CUST-367,590.75,GIFT_CARD,SUCCESS,PAYMENT_SUCCESS,POS_SYSTEM,2026-04-23 18:24:03.635178
EVT-1478,TXN-1478,3,CUST-604,165.39,MOBILE_WALLET,SUCCESS,PAYMENT_SUCCESS,POS_SYSTEM,2026-04-24 05:42:03.635188
EVT-1479,TXN-1479,8,CUST-515,109.19,CASH,SUCCESS,PAYMENT_SUCCESS,POS_SYSTEM,2026-04-24 22:12:03.635197
EVT-1480,TXN-1480,3,CUST-848,261.93,MOBILE_WALLET,SUCCESS,PAYMENT_SUCCESS,POS_SYSTEM,2026-04-24 10:02:03.635206
EVT-1481,TXN-1481,6,CUST-736,401.01,CASH,SUCCESS,PAYMENT_SUCCESS,POS_SYSTEM,2026-04-23 22:56:03.635223
EVT-1482,TXN-1482,3,CUST-676,549.23,GIFT_CARD,SUCCESS,PAYMENT_SUCCESS,POS_SYSTEM,2026-04-24 08:14:03.635234
EVT-1483,TXN-1483,8,CUST-460,289.81,GIFT_CARD,SUCCESS,PAYMENT_SUCCESS,POS_SYSTEM,2026-04-25 02:36:03.635243
EVT-1484,TXN-1484,5,CUST-770,318.4,CARD,FAILED,PAYMENT_FAILED,POS_SYSTEM,2026-04-25 02:02:03.635253
EVT-1485,TXN-1485,4,CUST-963,447.74,GIFT_CARD,SUCCESS,PAYMENT_SUCCESS,POS_SYSTEM,2026-04-23 06:20:03.635262
EVT-1486,TXN-1486,7,CUST-614,223.18,GIFT_CARD,SUCCESS,PAYMENT_SUCCESS,POS_SYSTEM,2026-04-22 21:47:03.635272
EVT-1487,TXN-1487,1,CUST-612,208.38,GIFT_CARD,SUCCESS,PAYMENT_SUCCESS,POS_SYSTEM,2026-04-24 23:31:03.635281
EVT-1488,TXN-1488,6,CUST-943,547.32,CASH,SUCCESS,PAYMENT_SUCCESS,POS_SYSTEM,2026-04-23 08:02:03.635289
EVT-1489,TXN-1489,8,CUST-226,260.48,GIFT_CARD,SUCCESS,PAYMENT_SUCCESS,POS_SYSTEM,2026-04-24 00:13:03.635299
EVT-1490,TXN-1490,5,CUST-985,179.64,GIFT_CARD,SUCCESS,PAYMENT_SUCCESS,POS_SYSTEM,2026-04-24 03:36:03.635308
EVT-1491,TXN-1491,8,CUST-547,248.47,CARD,FAILED,PAYMENT_FAILED,POS_SYSTEM,2026-04-22 06:52:03.635318
EVT-1492,TXN-1492,9,CUST-355,355.18,CARD,SUCCESS,PAYMENT_SUCCESS,POS_SYSTEM,2026-04-22 19:14:03.635327
EVT-1493,TXN-1493,3,CUST-434,106.88,CARD,SUCCESS,PAYMENT_SUCCESS,POS_SYSTEM,2026-04-25 04:48:03.635339
EVT-1494,TXN-1494,5,CUST-809,402.77,CASH,SUCCESS,PAYMENT_SUCCESS,POS_SYSTEM,2026-04-25 10:35:03.635348
EVT-1495,TXN-1495,10,CUST-684,385.93,CASH,SUCCESS,PAYMENT_SUCCESS,POS_SYSTEM,2026-04-22 03:21:03.635358
EVT-1496,TXN-1496,1,CUST-371,569.44,CASH,SUCCESS,PAYMENT_SUCCESS,POS_SYSTEM,2026-04-23 06:53:03.635367
EVT-1497,TXN-1497,1,CUST-421,514.2,GIFT_CARD,SUCCESS,PAYMENT_SUCCESS,POS_SYSTEM,2026-04-23 05:03:03.635376
EVT-1498,TXN-1498,9,CUST-551,347.51,MOBILE_WALLET,SUCCESS,PAYMENT_SUCCESS,POS_SYSTEM,2026-04-24 15:45:03.635387
EVT-1499,TXN-1499,3,CUST-643,334.71,GIFT_CARD,FAILED,PAYMENT_FAILED,POS_SYSTEM,2026-04-23 21:20:03.635397
EVT-1500,TXN-1500,8,CUST-865,7.69,CASH,FAILED,PAYMENT_FAILED,POS_SYSTEM,2026-04-25 09:02:03.635406
EVT-DUP-6066,TXN-1110,3,CUST-338,460.81,CASH,SUCCESS,PAYMENT_SUCCESS,POS_SYSTEM,2026-04-22 01:22:03.631296
EVT-DUP-1476,TXN-1084,1,CUST-914,431.09,CASH,SUCCESS,PAYMENT_SUCCESS,POS_SYSTEM,2026-04-23 00:43:03.631044
EVT-DUP-3774,TXN-1207,10,CUST-355,192.14,GIFT_CARD,SUCCESS,PAYMENT_SUCCESS,POS_SYSTEM,2026-04-22 21:56:03.632420
EVT-DUP-4228,TXN-1060,6,CUST-431,299.13,CARD,SUCCESS,PAYMENT_SUCCESS,POS_SYSTEM,2026-04-24 03:33:03.630795
EVT-DUP-7139,TXN-1457,1,CUST-531,598.89,GIFT_CARD,SUCCESS,PAYMENT_SUCCESS,POS_SYSTEM,2026-04-24 07:06:03.634979
EVT-DUP-4321,TXN-1498,9,CUST-551,347.51,MOBILE_WALLET,SUCCESS,PAYMENT_SUCCESS,POS_SYSTEM,2026-04-24 15:45:03.635387
EVT-DUP-9046,TXN-1452,10,CUST-332,366.59,CASH,SUCCESS,PAYMENT_SUCCESS,POS_SYSTEM,2026-04-23 16:46:03.634934
EVT-DUP-1159,TXN-1153,1,CUST-428,356.5,CASH,SUCCESS,PAYMENT_SUCCESS,POS_SYSTEM,2026-04-24 13:04:03.631789
EVT-DUP-3858,TXN-1412,6,CUST-759,38.19,CASH,SUCCESS,PAYMENT_SUCCESS,POS_SYSTEM,2026-04-23 19:29:03.634541
EVT-DUP-1643,TXN-1357,10,CUST-832,70.02,CASH,SUCCESS,PAYMENT_SUCCESS,POS_SYSTEM,2026-04-24 03:47:03.634003
